bedrooms,sqft_living,yr_built,price
3,1340,1955,313000
5,3650,1921,2384000
3,1930,1966,342000
3,2000,1963,420000
4,1940,1976,550000
2,880,1938,490000
2,1350,1976,335000
4,2710,1989,482000
3,2430,1985,452500
4,1520,1945,640000
3,1710,1948,463000
4,2920,1909,1400000
3,2330,1980,588500
3,1090,1955,365000
5,2910,1939,1200000
3,1200,1965,242500
3,1570,1956,419000
4,3110,1997,367500
3,1370,1987,257950
3,1180,1983,275000
3,2240,1923,750000
4,1450,1954,435000
3,1750,2005,626000
4,2730,1991,612500
4,1600,1959,495000
3,2090,1987,285000
3,2360,1948,615000
4,2200,1920,698000
5,2820,1979,675000
3,2600,1951,790000
4,1560,1967,382500
4,2860,2004,499950
4,1820,1945,650000
4,2820,2014,625000
4,3630,1979,400000
3,3240,1995,604000
2,800,1944,440000
3,1850,1992,287200
3,1960,1957,403000
3,2390,1955,750000
3,1580,1978,335000
4,1480,1974,260000
2,850,1950,308500
3,1770,1990,439950
2,1210,1949,235000
3,1160,1968,315000
3,1970,1977,437500
3,1930,1996,407500
3,1270,2001,445700
4,3310,2001,838000
4,2710,2000,630000
3,2910,1979,550000
3,2710,1929,805000
3,1800,1968,284000
5,2210,1976,470000
4,1920,1954,430000
4,2190,1968,491500
5,3660,2006,785000
3,1320,2008,385000
2,1630,2009,295000
4,3310,2012,555000
3,2680,2013,459990
4,2730,2007,625000
3,2540,2006,300000
4,2920,2012,625000
2,900,1944,553000
3,1650,1986,379880
3,1010,1973,310000
2,2680,2004,775000
3,2200,1988,365000
4,2530,1990,331950
3,2850,1980,783500
4,2280,1900,628000
3,1900,1987,560000
3,1330,1928,900000
2,1270,2000,531000
4,2170,1982,831000
4,2730,1996,780000
4,2120,1960,755000
3,2490,2003,705380
4,1990,1973,627000
4,3690,1998,865000
2,2540,1942,580000
3,1800,1978,410000
4,2340,1979,485000
2,2110,1948,400000
2,1140,1908,549000
3,1480,2005,620000
2,1410,2006,405000
2,1200,1958,232000
5,3180,1990,800866
3,2160,1949,650000
6,2920,1908,823000
3,2350,1939,770000
3,1560,1944,524000
5,2740,1960,541125
3,1680,1909,670000
5,3090,1968,384900
3,1410,2005,406100
5,4010,1971,1395000
4,3180,2000,736500
3,2010,1975,570000
3,1330,1961,787000
4,2370,1998,328000
5,1840,1942,435000
4,2910,2006,499000
4,2070,1963,501000
4,4340,1992,1090000
2,840,1955,400000
4,1240,1971,220000
4,1390,1924,657100
4,2310,2006,309950
3,1050,1986,300000
5,2550,1960,525888
4,2010,1902,740000
5,1120,1962,340000
3,2230,1954,398750
2,810,1944,206000
5,3190,1976,1030000
3,1670,1976,600000
4,1970,1960,379950
3,1450,1953,287000
7,13540,1999,2280000
3,1880,1994,309950
3,1880,1945,600000
3,1410,1930,418000
4,1480,1928,449250
2,1140,1949,329950
3,1920,1984,245000
4,2910,2008,549000
3,3240,1994,800000
3,1550,1958,249950
5,2050,1956,210000
2,2220,2000,1425000
2,1770,1949,585000
4,2300,1977,615000
3,1800,1942,618500
4,2010,1977,487585
3,1790,2010,509900
4,2440,2014,631625
3,1940,2009,555000
2,1160,2001,340000
4,3400,2007,830000
4,4420,2006,890000
3,1571,2008,366750
3,1620,2010,415000
3,1408,2005,416286
3,3040,2007,478000
5,4490,2006,890000
2,1590,2014,419190
4,2450,2013,712198
4,1440,1971,397000
2,1100,1912,450000
3,1350,1947,353000
4,2150,1985,609000
3,1490,1975,234000
3,2000,1916,561000
2,1030,1924,469000
2,720,1942,329350
5,2020,1938,488000
3,1580,1962,279900
4,2110,1987,606000
4,1300,1950,312000
3,1630,1940,650000
4,3370,1970,1135000
4,1890,1980,325000
4,1520,1967,425000
2,900,1952,219000
3,1050,1954,250000
3,1260,1966,390000
6,3470,1924,475000
4,2290,1988,736000
4,2810,1958,407000
3,1650,1998,272000
3,1640,1963,362000
3,1850,1991,535000
4,2000,2003,284000
3,1410,1961,367500
4,1500,1955,379900
3,2460,1980,520000
3,1010,1954,175000
2,1230,2004,460000
4,2331,2007,345000
5,2240,1978,455000
4,2450,1967,610000
4,3100,1996,563000
4,2060,1949,612500
3,1850,1979,218000
4,1840,1958,404000
4,3740,2000,860000
3,1420,1962,136500
3,1510,1940,313950
3,2130,1954,575000
4,3490,1928,1225000
3,1630,1971,280000
3,1790,1989,515000
4,2000,1996,513000
4,2260,1977,599000
4,3030,1999,685000
3,1310,1950,365000
4,3880,1987,762300
4,3760,1950,1580000
5,3040,1984,562000
5,2910,1964,530000
3,2970,1995,525000
2,1660,1942,484000
4,3200,1998,725126
4,2680,1965,360000
3,1230,1962,387000
4,2740,1995,483500
4,3380,2000,655500
3,1110,1956,345000
5,1800,1926,533000
3,1900,1982,385000
2,930,1951,675000
3,1690,1976,197000
3,1420,1905,485000
5,4510,1969,1870000
3,1980,1974,295000
2,1170,1903,499000
3,2200,2008,1050000
3,800,1959,191000
3,1480,2006,500000
5,2890,2006,390000
3,2690,2014,979000
4,3569,2013,580000
3,1270,2006,369950
5,4490,2013,1800000
4,3040,2008,776000
3,1170,2014,519950
5,2060,1962,255000
3,990,1943,495000
4,2430,2003,510000
4,4460,2001,1150000
3,1250,1994,253000
3,1540,1980,503000
3,1600,1993,275000
3,1110,1952,249000
3,1840,1974,310000
3,2520,1946,750000
3,2680,1995,630000
9,3830,1938,599999
4,2410,1956,758000
4,1720,1960,248500
3,2070,1973,310000
3,1760,1985,460000
3,1680,1959,675000
2,1550,1900,526000
3,4120,1994,560000
4,1830,1991,415000
3,1400,1944,246000
3,1870,1957,314500
7,6210,1910,3200000
2,1040,1904,420000
3,2720,1988,535000
3,1010,1981,350000
3,1580,1967,515000
4,2600,1949,749950
3,1920,1988,230000
3,2350,1929,568000
1,1100,1947,250000
4,2510,1961,581000
3,3240,1991,651000
3,2460,1977,600000
2,1010,1906,500000
2,820,1921,475000
5,2420,1978,352000
3,1770,1977,420000
2,1350,2003,428000
3,1960,1920,599000
4,3305,1922,492000
2,2550,2011,630000
5,4130,1985,900000
4,2310,1950,1110000
4,1650,1955,575000
4,2650,1905,705000
4,1890,1963,940000
3,2190,1967,313000
3,2030,1988,618080
3,2270,2002,640000
3,1610,1917,485000
2,760,1913,300000
2,1640,1978,379500
3,1630,1985,339950
6,3560,1914,1500000
3,2960,1937,1340000
3,1940,1987,500000
3,1410,1985,239900
3,1040,1968,314950
2,820,1944,361280
2,910,1956,100000
7,3700,1948,540000
4,2180,1968,480500
3,1600,2000,280000
3,1500,1947,440000
3,1340,1910,530000
3,1860,1985,560000
3,2540,1905,775000
2,1040,1912,160000
3,1380,1960,209950
3,1640,1988,226500
5,3000,1958,380000
4,2140,1968,409500
3,1760,1942,690000
3,1660,1961,405000
3,1830,1990,375000
4,2210,1954,794154
4,1490,1969,185000
3,1260,2005,245000
5,4270,2007,1532500
4,3900,2006,1040000
2,1150,2008,425000
4,2656,2014,495000
5,2410,2008,365000
3,1606,2009,417250
2,820,2006,339950
2,1540,1946,615000
3,2090,2012,403000
5,3160,1971,980000
4,1730,1977,258000
3,1670,1967,533000
4,2550,2005,537500
5,3040,1968,830000
3,1250,1900,712000
4,2020,2002,262000
4,2660,2003,753888
2,980,1922,134000
3,1960,1977,402000
2,720,1955,205000
2,1360,1997,553650
2,1870,2006,559950
4,2130,1962,260000
4,1810,1994,270000
2,2200,1973,295000
3,1690,1928,719000
3,1940,1989,266000
4,2320,2004,325900
4,2060,1947,647500
4,3410,1910,1039000
4,2250,1980,569000
3,1390,1975,246000
2,1060,1926,515000
3,1490,1954,207000
4,2480,1950,780000
5,2440,1975,489990
3,2240,1980,335000
3,1920,1993,295000
3,1890,1944,385000
4,2250,1940,350000
2,1270,1923,235000
2,960,1993,358000
4,3290,2002,716500
4,2000,1965,228000
2,1020,1948,405000
4,1840,1967,538000
3,1980,1973,530000
6,3510,1906,1750000
2,1230,1925,636000
4,2280,2004,535000
3,2430,1952,1500000
3,2920,2008,868500
4,2280,1930,530000
3,1510,1954,450000
3,950,1939,230000
3,1190,2002,229000
3,1310,1976,437000
5,2800,1932,1307000
3,1750,1991,595000
3,1320,1918,660000
4,2460,1989,347500
3,1240,1967,297950
3,1260,1955,245000
6,2820,1940,543200
4,3820,1990,1250000
3,1540,2008,413450
2,1550,1972,330000
3,1460,1979,424500
3,1390,1960,230000
3,2640,1912,930000
3,1590,1988,349000
4,1910,1941,835000
3,2015,2007,988500
3,1410,2012,500000
2,1110,2005,499000
2,860,2007,321950
3,2310,2011,494000
2,1020,2008,441750
2,980,2010,438000
4,4230,1989,985000
3,1640,1972,352000
4,3810,2013,839900
4,2790,1996,765000
4,1750,1926,460000
4,1430,1983,224500
3,1850,2003,254000
2,960,1984,255000
3,2480,1976,610000
4,3750,1976,920000
4,2600,1988,402500
3,1390,1912,280950
4,2260,1989,604000
4,2470,1984,565000
2,810,1928,255000
4,1650,1959,445000
3,3000,2001,2400000
2,720,1950,195000
3,1390,1922,275000
3,1445,2003,387000
2,1840,1910,490000
3,2100,1999,505000
3,1060,1973,303500
3,1500,1953,270000
4,1970,1977,323000
3,1410,2005,382000
4,3720,1962,1370000
4,2190,1977,280000
3,1920,1969,260000
3,1160,1959,201500
4,5860,1996,1157200
4,2000,1926,536500
4,2163,2006,248000
5,3480,1976,532000
4,2840,1998,580000
2,1150,1905,463000
4,3100,1919,742500
3,1420,1963,260000
4,2430,1993,590000
4,1930,1984,312000
3,1660,1980,566000
3,1400,1963,511555
4,2660,2001,583000
4,2000,1968,290000
4,2130,1977,311100
3,1352,2007,325000
3,1750,1987,491300
5,2320,1956,315000
2,1420,1956,360000
4,1940,2003,330000
3,1410,1940,481450
3,1360,1977,234950
3,1220,1962,251000
4,2830,1979,782000
4,3780,1999,833000
4,2330,1978,542500
3,3560,1987,851000
4,1470,1976,325000
4,3060,1992,415000
3,1030,1947,252500
4,1930,1968,465000
3,1780,1979,336900
3,2000,1992,225000
3,1690,1969,270000
5,5190,1987,1702500
3,1300,1925,536000
4,2400,1982,585000
2,1150,1940,445000
4,2310,1980,320000
4,2730,2006,769900
4,2840,2012,557000
2,1020,2004,212000
3,1340,2008,376000
4,3540,2007,800000
5,7270,2010,2238888
3,998,2007,324000
5,3060,1979,549900
3,2130,2003,320000
4,2520,1921,875000
4,1940,1962,265000
3,1350,2006,394950
4,2160,1902,842500
3,1370,2007,368000
4,5420,2001,1225000
4,2830,1995,885000
3,2010,2014,453246
4,3300,1953,927000
2,1230,2004,490000
3,1720,1952,341000
1,810,1941,235000
3,1560,1928,1200000
3,2560,1986,560000
4,4700,1978,900000
2,1220,1910,255000
5,3650,1975,1575000
3,2170,1928,876650
4,2540,1990,540000
2,910,1906,350000
4,2980,2000,750000
4,2120,1951,582000
4,3460,2004,1315000
5,2480,2004,372500
3,2200,1987,410000
4,1730,1943,360000
3,2920,1954,1015000
3,990,1966,225000
4,3040,1999,647000
5,4530,2003,950000
3,1370,1961,185000
3,1940,2004,335000
3,1040,2004,210000
4,1800,1980,522000
3,1720,1954,770000
3,980,1941,499950
4,3110,2004,751000
5,2100,2013,330000
3,2020,1956,465000
4,2350,1961,850000
4,3290,1968,947500
5,2180,1986,302000
2,1290,2007,500000
3,1460,1969,201000
2,1290,2008,265000
4,2350,1910,870300
3,1080,1955,339000
4,2670,1989,690000
4,3680,2003,788000
3,1440,1951,315275
4,1940,1922,505000
3,1280,1968,368000
3,2980,1917,947500
3,970,1959,156000
4,2110,1930,610000
2,1480,2009,420000
2,700,1953,192000
3,2700,1962,910000
4,2330,1918,1300000
5,3380,1963,1346400
4,2600,1936,840000
2,1360,1975,300000
4,2780,1978,505000
3,1250,1945,110000
3,2620,1992,746000
3,1350,1941,211000
4,2400,1964,675000
4,2760,1928,734200
4,3070,1976,1225000
2,2040,1919,615000
4,1770,1911,630000
4,3490,2012,1264000
2,830,2005,301500
2,980,2009,369000
3,1570,2010,635000
4,3270,2014,1033888
4,2160,2010,383000
4,3280,2008,1050000
4,3360,2001,455000
5,3150,2013,819900
3,1810,2009,625000
4,2740,1993,651000
5,3830,1976,480000
3,3190,2007,757000
3,2350,1977,460000
4,2510,1972,267345
2,1680,2006,530000
3,1770,1954,449500
3,1090,1981,289000
5,3001,2006,373000
5,2450,1994,525000
3,3610,2003,777000
4,2250,1956,550000
3,1240,1957,523000
4,2260,1958,628000
4,2090,1963,581000
5,2020,1962,245000
3,1960,1911,415000
5,3120,1969,1895000
3,1250,1967,225000
3,1490,1987,287000
6,2890,1906,799200
3,1900,1942,239950
3,1680,1922,591000
3,2030,1975,700000
4,3740,2004,475000
3,1580,1951,575000
3,1780,1927,771000
2,910,1943,155000
7,3440,1970,550000
3,1740,1975,645000
5,3400,1959,464000
4,4400,2003,1050000
3,2010,1977,350000
4,2710,1977,591000
4,5300,1923,2555000
3,1310,1956,717000
4,1950,1939,225000
3,1040,1947,225000
3,1090,1968,345000
2,650,1931,230000
3,1480,1943,385000
2,790,1973,90000
4,3560,1986,860000
4,3000,2006,675000
4,3490,2000,975000
3,2340,1967,780000
3,1650,1951,370000
3,1940,1944,665000
5,3410,1968,675000
3,1710,1909,620000
4,2740,1905,1105000
3,1250,2010,450000
3,2450,1978,450000
3,1690,1958,530000
4,1950,1969,635000
5,2290,1964,580000
5,3370,1982,1550000
3,1090,1973,285000
3,1190,1953,375000
5,3530,2001,1400000
3,1440,1910,560000
4,2180,1956,405000
4,1410,1925,413000
3,1950,1990,287600
5,4860,1989,1680000
3,1660,1963,225000
3,1390,1968,319000
3,1350,1989,322500
3,1530,1937,570000
3,1270,1950,465000
4,2140,2002,435000
4,2040,2012,502000
3,2876,2007,525000
3,1580,2008,525000
4,3400,2012,660000
4,3520,2006,870000
4,2210,2013,650000
4,2790,2009,505000
3,1450,2007,330000
4,1620,1947,385000
3,1220,2007,306000
3,2000,1921,546000
4,2190,1958,925000
4,1900,1955,542000
3,1700,1906,800000
5,2540,1929,620000
2,1170,1911,175000
5,5774,1984,740000
3,2120,1984,345000
3,2170,1986,510000
4,2450,1974,530000
2,700,1952,155000
3,1780,1986,266000
3,1850,1952,257200
3,1570,1998,265000
3,1290,1951,372220
5,1700,1956,337500
2,1159,1948,582500
3,1850,1965,489200
2,840,1947,405100
3,1690,2014,372977
3,1050,1953,310000
3,1400,1904,538000
3,2550,1981,1400000
3,1840,2012,317000
3,2360,1926,702500
4,2240,1989,565000
4,2700,2004,723000
3,3030,1992,766950
3,1830,1903,682000
3,2220,1990,325000
3,2090,1962,543000
3,1600,1924,525000
4,2010,1957,364000
2,830,1955,394475
4,2010,1995,316000
3,1050,1906,339950
4,2150,1978,486000
3,860,1963,160000
3,3100,1954,930000
3,1100,1978,139000
3,1830,1957,562000
2,1250,1950,299000
3,1820,2005,511000
3,2090,1959,499000
3,2100,1980,356000
4,2310,1991,470000
4,2060,1941,715000
4,4470,1988,1120000
3,1660,1940,458000
5,3810,2008,966000
3,2110,1966,305495
2,2370,1992,543000
3,1970,1997,340000
4,2470,1993,633100
3,1480,1952,310000
5,2257,2005,349950
2,700,1949,267800
4,1630,1975,234000
4,3430,2000,740000
5,2220,1923,607500
3,1340,1973,223000
2,980,1918,400000
3,2580,1986,802000
4,2230,2006,253000
4,2290,1955,1058000
3,1260,1946,300000
4,1680,1966,625000
4,3200,2004,707000
4,3320,1995,950000
4,3040,1999,420000
4,2270,1973,498000
3,2910,1989,450000
5,2510,1972,955000
2,1240,1967,215000
3,2580,2008,437000
3,2470,2007,773000
4,4910,2007,1222500
3,1690,2003,256883
4,2240,1983,592500
3,1650,1979,252350
4,2710,1998,370000
3,1260,1959,465750
3,1150,1932,185000
4,2550,1986,582800
3,1490,1990,245000
4,2020,1963,302000
2,1320,1912,451555
3,1230,1957,250000
4,2070,1989,255000
4,2930,1947,840000
3,1090,1967,190000
3,1400,1957,349950
4,1550,1909,613000
3,1220,1955,300000
3,1870,1980,455000
3,2150,1991,335000
3,980,1903,197500
3,1490,1963,412500
3,1120,1955,395300
3,1180,1986,342400
4,3240,1985,749400
4,2150,1991,316500
3,2240,1996,390000
3,1400,1979,225000
3,1980,1980,550000
3,1330,1959,280000
4,3200,2006,1255000
2,1490,1946,575000
5,3920,1990,1000000
5,2000,1921,585000
4,2680,1989,620000
4,1670,1967,204700
4,3150,2001,695000
4,2740,2003,689900
4,1890,1960,375000
7,2870,1961,475000
3,1160,1969,215000
4,3550,1962,2100000
3,1790,1940,790000
3,1680,1940,350000
3,4560,1986,695000
3,1590,1991,263000
3,1630,1953,400000
3,2700,1991,525000
3,1700,1994,349950
4,3740,1988,1085000
4,1980,1941,744000
2,880,1919,312500
3,1400,1948,240000
4,2050,1941,495000
3,2360,1996,580050
4,2560,1947,640000
3,1340,1956,417000
3,1060,1970,174950
3,850,1986,295000
4,1880,1976,423000
3,1230,1955,839000
4,2290,1960,343000
3,1660,1946,467000
3,1840,1997,512500
4,3020,1979,575000
3,1410,1924,465000
3,1010,1969,270000
3,1960,1948,340000
5,3580,1999,765000
4,2240,1995,497000
4,3310,2004,803100
3,1232,2007,344000
4,3930,2013,828950
3,1720,2010,386380
3,1490,2009,312000
3,3150,2007,720000
4,3950,2013,914500
5,3030,2013,819995
2,1070,1985,252700
3,2320,1992,437500
1,700,1942,350000
3,2720,2005,619000
3,1800,1990,408200
3,1560,1926,451000
3,1760,1977,317000
4,3120,2005,799000
2,2020,1947,720000
3,1450,1900,490000
4,1860,1979,239900
4,2270,1977,446000
3,1480,1987,275000
5,1460,1941,239950
4,1850,1986,248000
3,2170,2003,619500
3,1726,1982,363750
3,1180,1981,385000
4,1370,1972,370000
3,2670,1988,425000
3,1260,1944,342000
4,1980,1962,345000
3,2050,1926,724800
5,2830,2006,725000
2,910,1909,605000
4,2440,2009,350000
3,2180,1904,785000
3,1900,1966,250000
3,1520,2013,565000
3,2220,1947,875000
4,3280,1996,862500
3,2740,1973,400000
2,830,1954,282613
2,1010,1955,174500
3,2060,1978,306500
3,1990,1984,445000
4,2280,2001,433000
3,1870,2005,306000
3,1720,1921,620000
2,870,1941,245000
3,1020,2004,238000
3,1260,1931,523000
3,2370,2003,522500
3,1000,1940,180000
3,1100,2007,375000
3,1440,1982,249000
4,3120,2003,730100
2,2260,1990,551000
4,2790,2005,375000
1,1140,1920,540000
3,1290,1987,605000
5,1730,1978,205000
4,3160,1983,645000
4,2340,2003,314000
3,1170,1960,330000
2,1160,1937,490000
3,1970,2010,445000
5,6490,1991,2000000
3,1410,2005,377500
4,2430,2009,480000
5,3360,2014,804995
3,1480,2012,341000
5,3200,2009,675000
3,2134,2008,611000
3,1860,2007,379950
4,5520,2008,1270000
2,1310,2006,500000
3,1700,1944,410000
3,2480,1986,415000
5,1970,1994,297000
4,2060,1985,575550
3,2130,1994,534640
3,1410,1987,352500
2,1360,1944,488000
3,1940,1954,732000
2,1610,1979,215000
2,1420,1928,592500
4,1700,1988,290000
2,1490,1929,475000
3,2680,1990,320000
4,3190,1967,1216000
5,2120,1962,290000
4,1690,1901,487250
4,1830,2003,339000
2,1010,1906,440000
4,2070,1945,366500
3,1710,1928,462000
4,1660,1945,560000
4,2080,1955,285000
3,1270,1993,280000
3,1080,1942,210000
3,1610,1940,690000
2,1120,1980,256500
4,2500,1966,411000
3,970,1970,215000
5,3370,1907,762000
3,1290,1960,359950
4,3370,2005,480000
4,3410,2008,1405000
4,2490,1999,390000
2,770,1924,413500
1,810,1982,285000
4,3060,1968,475000
3,1690,2014,386591
3,1890,1974,524950
2,1470,2005,241000
2,1060,1926,461000
4,3480,1988,810000
4,2730,1921,885000
3,1580,1986,247000
3,2170,1978,296500
2,930,1942,141800
4,1580,1906,333000
5,3290,1973,602000
4,2110,1979,565000
3,1670,1999,373000
3,2030,1977,588000
3,1500,1926,485000
3,1450,2005,482500
4,1310,1953,251200
5,4180,1979,869000
3,1630,1967,464000
4,2660,1993,755000
3,1720,2005,280000
2,1260,2004,485000
3,1610,1981,305000
2,680,1941,110700
4,2640,1937,850000
3,1640,1985,350000
4,2310,1976,319950
3,2010,1912,700000
2,1660,1908,368000
3,2200,2009,433500
4,2460,1998,611000
2,2430,1951,1000000
3,1370,1960,307000
3,1800,1967,442500
3,2200,1908,485000
2,700,1945,367000
3,1920,1995,429000
5,2190,1978,446000
3,2030,1984,572500
3,1350,2005,477000
3,1680,2008,518000
5,1250,1966,462000
4,2240,1914,1190000
3,950,1954,137000
3,2320,1997,530000
2,2380,2011,818000
2,1540,2007,640000
5,2100,2007,298450
4,2500,2013,575000
4,3230,2004,730000
3,2830,2001,551000
2,870,1906,271310
4,2690,1954,675000
3,1260,2008,479000
4,2680,1942,520000
3,2660,2014,599950
2,1480,1951,483945
4,1770,1965,390000
2,950,1926,192500
2,860,1948,330000
4,1960,1978,250000
2,1770,1943,243000
4,1280,1926,575000
4,2150,1982,639000
2,1790,1923,710000
3,1990,1987,675000
5,2430,2001,405000
4,2820,1965,615000
3,1910,1946,490000
3,1270,2005,467000
4,2050,1986,480000
6,2150,1952,755000
4,2450,1987,760000
2,1230,2012,387000
4,2260,1967,925000
2,1050,1943,415000
3,1570,1982,263000
4,1820,1967,519900
2,1540,1908,570000
3,2060,1953,450000
4,4380,2001,1300000
3,1090,1955,300000
3,1480,1965,320000
4,1320,1929,387500
1,2140,1976,458000
4,4560,1995,1212500
4,2800,2002,380000
3,1050,1967,200000
3,1490,1959,385000
2,1730,1945,396675
4,1210,1900,452000
4,2800,2004,426000
3,1570,1915,792000
3,1400,1987,315000
4,2850,1970,1275000
6,1880,1966,326000
2,790,1953,268500
2,1300,1948,440000
3,2120,1967,300000
3,1540,1941,525000
4,2620,1926,978000
6,2880,1919,1125000
4,1680,1921,700000
2,790,1955,315000
3,1092,1918,309000
3,1650,1967,219950
3,2090,2002,289000
4,2180,1950,210000
4,1990,1989,260000
4,2650,2006,699000
4,4460,1962,1800000
3,910,1950,299950
3,2770,1992,749950
3,2390,1939,1100000
3,3050,1987,555000
3,1700,2003,384000
5,3200,1989,499950
3,1200,1906,430000
4,2220,1999,350000
3,2480,2004,620000
4,2560,1976,765000
4,2500,1961,250000
2,1150,1947,376000
4,1650,1950,475000
3,1140,1969,120750
3,3400,1957,1690000
3,1180,1959,330000
3,1700,1992,619500
3,1240,1954,345000
5,2890,1977,598000
3,1060,1967,335000
4,1590,1922,372500
6,2860,1978,300000
1,820,2007,194000
3,2020,1963,507500
4,1870,1959,325000
3,2170,2004,329900
4,1600,1947,329000
4,2090,1925,494000
4,1700,1978,206000
4,1940,1941,423000
3,1320,1957,259000
4,3500,1938,879950
5,2800,1903,345600
3,1080,1920,395000
4,3550,2007,625000
3,2010,2003,439000
3,1690,2008,380000
3,1270,2007,440000
3,1970,2008,415000
4,3160,2014,860000
3,1210,2008,500000
4,3120,2008,953007
4,2670,2006,515000
3,1640,2014,772000
4,2303,2013,329995
3,1800,2014,409316
5,4460,2013,490000
2,1590,2009,305000
4,3070,2009,785000
2,1330,1993,240000
3,990,1947,325000
4,1900,1994,535800
3,2020,2000,720000
3,2000,1961,374000
2,1100,1980,189650
1,960,1945,420850
4,3488,1998,815000
2,1890,1987,1065000
4,2030,1950,199000
3,1380,1981,195000
4,3660,1909,1506000
3,1870,1997,288400
4,2080,1979,442000
4,2450,1988,619420
4,2750,1948,635000
3,1240,1916,210000
3,1900,1990,512500
3,2540,1999,567000
3,2100,1998,525000
4,1790,1909,475000
3,1170,1984,250000
3,1060,1956,220000
5,1930,1941,230000
3,1540,1961,385500
5,2876,1973,895000
3,2150,1988,368250
2,1140,1947,249900
3,980,1969,350000
3,1230,1962,175000
3,1390,1957,270000
3,2380,1997,495000
3,3690,2007,1580000
5,3010,1931,542500
3,1250,1969,330000
4,2290,1926,1003000
2,790,1925,299800
3,2720,2002,299900
4,2550,1972,691000
2,1080,1972,195000
3,2470,1962,405000
2,850,1909,360000
3,1990,1969,256750
3,1800,1995,332500
5,4850,1977,975000
3,1020,1956,218000
3,2420,1985,429000
4,2910,1998,589000
3,1060,1973,255000
4,2340,1964,668750
4,1800,2002,344500
4,1660,1945,452000
3,1300,1983,540000
3,1780,1953,246000
2,1030,1939,535000
4,2790,1963,970000
3,1150,1906,430000
4,3290,1992,520000
4,3400,2001,712000
2,1200,1940,450000
4,2160,1993,220000
3,1450,1948,525000
4,3240,2008,1220000
3,1470,2007,540000
4,2360,2001,600000
3,2230,1987,600000
4,2630,1986,625000
3,1010,1966,150000
3,1445,2003,389999
3,2380,1935,285000
4,2830,1998,744000
4,3010,1996,700000
4,2000,1978,318989
3,2020,1998,556000
3,2030,1993,275000
3,2550,1994,430000
2,970,1949,300000
3,1540,1967,396450
2,1396,1940,225000
4,2780,2006,700000
6,2220,1977,260000
4,2350,1994,655000
3,2760,1978,1185000
3,4460,1992,1550000
3,1440,2007,413800
5,5330,2006,950000
4,2220,2014,334990
5,5305,2005,2700000
3,3880,2009,1030000
4,3810,2007,1130000
3,1960,2007,556000
3,1530,2009,360000
4,3250,1983,480000
3,1750,1994,324000
4,3440,1983,1050000
1,1170,1962,275000
3,870,1969,180000
4,2930,1998,749000
3,3160,1966,1600000
2,800,1918,373500
4,2350,1987,770000
2,1060,1977,356000
3,2060,1984,625000
2,1560,1904,494400
4,3000,1950,585000
3,1660,1907,926300
3,1650,1908,600000
4,3220,1990,430000
3,2320,1976,307000
4,2750,1981,604700
3,910,1956,219900
2,840,2005,270000
3,1470,2007,432000
6,2040,1943,300000
3,1100,1922,361000
2,940,1959,249950
3,1110,1978,320000
4,2200,1942,305000
2,2860,1948,503000
2,740,1938,235750
4,2740,1954,657000
3,1250,1956,385000
4,3140,1991,389950
2,820,1954,150000
4,2570,1998,254500
4,2350,1977,555000
4,3600,1976,1075000
4,1580,1967,245000
2,1070,1949,319950
3,1070,1951,337000
4,1640,1907,492000
3,2890,1987,1170000
3,1220,1966,348580
2,1400,1922,180000
3,1040,1942,400000
4,980,1978,295000
4,3340,1963,910000
6,6040,1996,1150000
3,1900,2008,431500
4,1740,1962,180000
3,2000,1916,677000
3,1610,1973,1180500
4,3240,1977,635700
5,2230,1978,482000
2,1160,1998,168000
4,2410,1950,805000
2,590,1983,398000
4,2600,1996,665000
4,2170,1968,592500
4,2080,1912,940000
4,2860,1999,655000
4,2980,2000,622500
2,1230,2011,380000
4,2260,1947,648360
3,2200,1982,432000
4,3030,1988,1050000
2,1060,1979,353250
4,4260,1996,1000000
3,998,2007,320000
4,2052,2014,349900
4,3150,2005,330000
3,1950,2006,408000
3,1347,2010,321000
4,3860,2007,1051000
4,5060,2008,2150000
3,1360,2008,359000
5,2760,2006,300000
5,2420,2013,380000
3,2450,2010,660000
3,1280,2005,355000
3,1550,2011,259000
1,550,2008,353000
2,1520,2007,430000
3,1670,1939,460000
1,430,1912,80000
4,2380,1991,782000
3,960,1982,218000
3,1920,1952,325000
4,3680,1967,980000
4,2530,1976,902000
5,3840,1991,556000
3,1240,1926,662990
2,1300,1975,225000
4,2380,2002,439950
2,1300,1958,175000
2,780,1946,306000
4,1810,1970,235000
3,2420,1911,399500
3,1280,1910,478000
2,1680,1941,515000
3,2510,1992,550000
3,1700,1955,149000
3,1680,1992,526000
1,820,1999,527550
3,4380,1983,1050000
3,2600,1984,625000
5,3400,1999,950000
5,2120,1942,377691
4,2250,1951,648475
3,1800,1942,383000
3,2210,1994,535000
3,1560,1923,449950
4,2430,1967,465425
4,2560,1987,675000
3,1960,1926,599000
3,1110,1963,416000
2,1030,1924,595000
4,1350,1966,200000
3,1540,2005,402000
4,1830,1966,433000
4,1930,1979,275000
3,1650,1983,410000
4,3510,1965,554820
4,3370,1988,1325000
3,2390,1984,735000
3,1230,1951,607000
4,2830,1987,549900
3,1620,1988,258000
4,2290,1940,661254
4,2840,1952,945000
4,4220,1993,799950
3,1080,1967,132500
3,1620,1973,467100
4,4390,1990,1610000
3,1620,1926,641000
3,1010,1947,350000
4,1750,1983,335000
3,4080,2000,900000
4,2560,1965,440000
3,1120,1925,464600
4,4740,2003,1200000
2,1340,1947,300000
4,1590,1951,670500
3,1430,1919,552000
4,1450,1943,244000
4,3500,2005,788600
3,1630,1987,445000
4,1814,1951,530000
2,580,1943,90000
3,1670,1931,585000
2,1140,1924,498000
2,800,1940,379000
3,1300,1919,462000
4,2440,1993,388000
3,1490,1984,255000
3,1800,1966,665000
3,1830,1959,550000
3,1500,1947,606000
4,2210,1965,334000
3,1270,2006,360000
2,1140,2007,235000
3,1620,2008,580000
3,1220,2007,355000
2,750,2006,375000
4,1960,1979,372000
3,1370,1924,479000
5,4580,2004,2000000
4,5584,1998,1680000
2,1010,1924,501000
3,1260,1994,245000
3,1740,1989,496700
4,2670,1996,347000
2,720,1943,199000
3,2460,2007,440500
4,3670,2005,820000
4,2630,1984,325000
3,1570,1991,195000
3,2980,1981,675000
3,1560,2003,295000
3,1620,1955,355300
3,1140,1960,276000
2,2730,1976,460000
3,2130,1989,880000
3,1780,2001,370000
4,2100,2009,346000
3,1140,1972,172500
3,1690,1956,379950
2,1160,1942,468000
4,1720,1978,477000
3,1210,1924,529000
3,1255,2004,312000
2,880,1942,326100
3,1050,1954,360000
3,1650,1961,438000
3,1570,1954,360000
4,2920,1921,1050000
4,3000,1913,688000
3,1850,1983,585000
3,1440,1983,265000
3,1440,1973,375000
3,1810,1970,326500
2,1180,1918,160000
4,3070,1927,1570000
5,3390,2004,735000
2,1470,1940,400000
4,2680,1952,800000
4,2290,1978,949880
3,1980,1949,405000
4,2870,1979,399000
3,1840,1951,730001
4,4060,2000,1795000
3,1630,2003,260000
2,1880,1902,751750
3,1780,1983,325000
4,2330,1941,344950
3,1840,1925,457500
5,2330,1962,389000
4,3200,2005,515000
3,2330,2004,732000
3,1950,1964,415000
4,3080,1937,1655000
2,1040,1951,535000
4,1960,1940,540000
5,2750,1926,525000
3,1930,1977,570000
5,4850,2001,569950
4,1982,2004,283200
3,2640,1926,1100000
4,1850,1978,830000
4,1940,1956,495000
5,2840,2003,292050
5,1900,1961,415000
5,1410,1955,295832
4,2520,1999,450000
4,3160,1997,1381000
4,3720,1991,857000
3,1820,2014,499950
3,1560,1967,465000
3,1600,1964,329000
3,1230,1984,475000
3,960,1955,255000
3,1270,1928,435000
3,2810,2001,685000
2,2160,2002,715000
3,2520,1925,780000
2,1180,2005,345000
4,1810,2003,355000
3,1680,1994,282000
3,910,1971,244000
3,3250,1951,967500
3,2000,1965,375000
3,3790,1985,1600000
3,2310,1977,527500
3,2510,1932,994000
3,1320,1948,313000
3,2370,1979,587000
3,900,1972,304000
3,2540,1940,675000
4,2100,1968,305000
3,1200,1943,280000
5,3720,2005,960000
3,1760,1988,500000
3,1670,1987,274950
3,2420,1998,455600
5,3480,1964,970000
4,1630,2003,312900
4,2340,1921,535000
2,920,1910,427000
2,910,1942,405000
3,1150,1943,480000
3,2500,1940,725000
4,3250,1973,293000
4,1930,1967,268000
4,3400,1991,475000
3,1590,1985,488000
4,3330,2009,760000
5,4590,2009,1710000
3,2610,2014,754950
3,1658,2014,263900
3,1600,2006,460000
3,1296,2009,399950
2,1280,2009,370000
4,5940,2004,1149000
4,2510,2009,450800
3,2710,2005,627000
3,1750,2013,495000
3,1430,1927,310000
4,1660,1933,550000
2,1320,1943,215000
4,2580,1984,799000
4,2740,1993,630000
3,2495,2007,267000
6,2300,1950,900000
3,1300,1963,365000
4,2230,1974,544500
4,2020,1917,599000
4,2000,2001,815000
2,1060,1952,254000
2,2080,1923,740000
3,2030,1979,225000
3,2690,1943,925000
4,3240,1946,1285000
3,1550,1999,537000
4,1480,1910,335000
4,3040,1906,840000
3,1560,1964,224000
3,2250,2006,395000
3,1100,1917,450000
3,1700,1907,681000
5,2680,1963,898000
3,800,1908,370000
2,1350,2005,429000
3,820,1910,150000
3,3160,2006,555000
3,1720,1958,326000
3,1680,1994,225000
3,1300,1996,245100
3,2190,1987,665000
3,1720,1994,535000
3,1160,1968,305000
7,3150,1957,999000
3,1210,1983,215000
3,1980,1965,432500
4,2990,2003,655000
3,1430,1966,266200
3,2060,1999,244615
4,2230,1991,460000
4,3090,1995,370000
6,4250,1967,465000
3,1970,1937,1175000
2,1700,1927,189000
3,2510,1995,820000
6,3610,1959,968000
4,2980,1900,1400000
3,1610,1947,438750
4,3650,1951,1210000
4,2510,1960,600000
3,1110,1932,589000
3,1650,1926,590000
3,1980,1994,479900
2,880,2007,210000
3,1490,1947,745000
3,2520,1906,840500
3,1820,1977,420000
7,4140,1978,565000
4,3420,2000,840000
4,3150,2006,681716
3,1580,1967,600000
3,1660,1949,380000
3,1100,1969,168500
2,1270,1920,355000
4,1450,1964,277000
4,1830,1989,236000
3,1300,1918,270000
2,2320,1925,700000
4,1680,1979,425000
3,2300,1921,635000
3,1400,1951,510250
4,2410,1929,960000
3,1480,1992,254000
3,1390,1954,299000
2,830,1996,175000
2,740,1949,157500
5,1940,1945,580000
3,1340,1978,124740
8,4440,1959,1970000
2,800,1954,285000
3,1310,1979,242000
4,2330,1924,840000
2,1400,2000,474800
4,2360,2003,490000
3,1840,2003,465000
4,2680,2004,515000
3,3890,1943,430000
3,1400,1968,253400
3,2400,1990,355000
4,2920,1998,740000
2,1390,1986,186950
3,1680,1984,306000
4,2040,1961,510000
2,1080,1940,345000
3,2280,1917,875000
4,4490,2006,700000
4,4700,2005,1400000
4,2798,2012,499950
3,2810,2005,739000
4,3753,2008,363000
4,3910,2007,782000
2,1050,2005,325000
4,1600,1916,485000
4,2590,1968,452000
4,1720,1978,264950
6,4410,1965,472000
3,1590,1957,267500
4,2440,1996,565000
3,1360,2003,535000
2,910,1952,389000
4,1390,1965,400000
3,1470,1958,264000
4,2920,1990,690000
3,1950,1985,412000
3,2390,2006,695000
3,1270,1964,246500
2,950,1958,230000
2,900,1925,302000
4,2280,1940,820000
3,1010,1954,145000
2,1260,1951,436500
4,4730,1935,2453500
3,2620,1992,672000
3,2330,1927,680000
5,2170,1911,750500
5,2450,1900,550000
4,1880,1978,266500
4,2300,1915,619000
3,1240,1988,405000
2,820,1916,300000
4,1530,1942,231000
5,2900,1967,790000
4,1240,1987,400000
4,4140,2000,950000
4,2240,1956,450000
3,1480,1928,595000
3,2270,1977,332000
3,1250,1949,155000
5,1930,1962,400000
4,1700,1981,349000
3,1590,1944,529000
5,1880,1963,405000
4,1640,1921,635200
3,2600,1940,540000
2,710,1943,402000
6,6980,1999,3100000
3,1460,1971,329932
3,2080,1989,300000
5,2630,2003,525000
4,4430,1952,2750000
4,2760,1999,602500
4,1670,1955,400000
4,1990,1944,445000
3,2600,1989,525000
2,1320,1909,395000
3,2240,1929,510000
4,1960,1959,723000
3,2590,1988,503000
4,2620,2000,672500
3,2770,1991,860000
3,2110,1924,475300
4,2290,2001,295000
4,4960,1909,1425000
2,1110,1951,250000
4,3310,2008,658000
2,900,1918,83000
3,1940,1960,685000
3,1590,1986,210000
3,2930,2008,650880
4,2040,2011,350000
2,1000,2006,305000
3,1730,2008,645000
3,1220,1901,385000
3,3060,1983,860000
4,2910,2002,395000
3,1050,1980,260000
3,1560,1992,196440
3,1680,1900,425000
4,4140,1977,2400000
3,1550,1959,369000
6,5700,1977,1385000
3,2200,1990,349900
2,1740,1994,650000
3,1210,1955,299950
4,4240,1989,625000
3,1590,1978,190000
4,3420,1947,715000
4,3190,1946,659000
3,1920,1947,490000
2,1340,2004,415000
3,1700,1947,750000
4,2310,1927,700000
3,1510,1989,425000
3,2670,1987,642000
4,2060,1983,655000
3,2090,1928,1365000
5,3090,1957,458000
2,1240,2007,330000
3,1860,2000,384950
3,2000,1953,560000
4,2500,1970,950000
4,1820,1977,465000
3,1820,1974,425000
3,1060,1981,315000
3,1950,1988,530000
2,940,1911,399000
2,1220,1976,168000
5,4180,2004,1886700
3,1200,1971,374000
5,3990,1937,740000
2,1880,1919,280000
4,2280,1994,322000
3,2580,1951,459900
4,2600,1976,750000
4,3150,1966,1256500
4,5550,2000,3710000
5,2220,1973,427000
2,1730,1947,800000
4,2840,1931,735000
4,2560,1992,642000
3,1330,1900,240000
2,1890,1909,645500
7,4290,1982,840000
2,1540,1983,475000
4,2340,1966,568000
3,2180,1961,325000
3,2780,2009,825500
4,2620,2013,499431
4,3760,2014,919204
4,2720,2012,545000
3,2675,1984,660000
5,2080,1987,538888
3,2460,1996,693000
3,1960,2004,289950
4,2550,1992,587000
3,1760,2014,615000
3,1620,1974,459000
3,1790,1960,243000
4,3480,1926,1505000
4,2780,1978,660000
5,3640,1982,1595000
1,750,1918,250000
3,960,1952,315000
3,2030,1963,404000
3,2930,2004,559900
2,1380,2011,285000
3,1720,1941,500000
2,1210,1950,380000
3,950,1948,469000
2,1710,1920,405000
2,1410,1909,439900
4,2910,2006,525000
4,2220,1988,580000
5,3160,1972,1250000
3,1380,2008,275000
3,1760,1920,629000
1,730,1911,395000
4,2460,1938,965000
3,2160,1960,820000
4,1990,1932,661000
3,3740,1991,789000
4,2710,1999,668500
3,2680,1990,350000
4,1850,1978,250000
4,3190,2001,725995
3,2730,1998,1000000
3,1840,1961,686000
4,2720,1987,665000
4,4370,2003,1965221
3,2290,2006,653000
2,990,1947,430000
2,1140,1988,305000
4,1840,1917,809000
2,1110,1947,440150
4,2150,1985,615000
3,2230,2003,1035000
2,1170,1941,455000
3,1960,1940,635000
3,2610,1988,675000
3,2130,1987,316000
3,3020,1969,955000
3,1670,1912,985000
3,1890,1965,465500
3,950,1950,305000
4,2430,1963,645000
4,2360,1939,730000
3,1510,1967,366000
3,2080,2002,290000
3,1750,1982,472500
3,1810,1925,550000
4,1790,1969,410000
4,2340,1967,440000
3,1690,1984,535000
4,2070,2003,300000
3,2240,2002,432500
4,4500,1980,870000
3,2770,1978,492000
3,1010,1969,199950
3,1120,1956,439800
5,3020,1978,320000
4,4400,1993,687000
3,1990,1963,345000
3,1450,1958,274950
4,1920,1998,270000
2,1175,2005,342000
3,1320,1970,327000
5,3990,1962,610000
2,1140,1947,455000
4,1720,1925,540000
4,2150,1976,411000
3,1790,1910,544000
2,2210,2003,802000
3,2180,1981,568500
3,1410,2004,391000
3,1950,2010,298000
3,1495,2006,400000
3,1660,1979,425000
3,1950,1990,328500
5,2550,1902,650000
3,1370,1911,850000
4,2200,1908,930000
3,1250,1942,530000
4,2220,1961,495000
3,1620,1945,500000
3,2250,1980,325000
3,1720,1990,365000
4,3030,1998,471000
3,1030,1961,223000
3,2190,1999,503000
3,1440,1942,230000
4,2170,1980,550000
4,2930,1925,1100000
3,1180,1960,193000
4,2360,1939,590000
3,1660,1956,712500
3,2390,1942,689800
3,1360,1924,430000
3,1840,1910,785200
3,1800,1976,474900
4,4130,2001,1070000
3,2220,1988,435000
5,3490,1980,941500
4,1830,2003,312000
4,1550,1930,835000
3,2050,1951,713250
2,1230,1906,440000
4,3150,2014,580135
3,3800,1976,575000
3,1350,1991,613000
3,1530,1970,235000
3,2290,1953,660000
2,1480,1940,280000
3,1970,1966,268000
2,720,1947,235000
3,1080,1947,390000
4,2790,1987,654950
5,2040,1969,449500
3,1320,1959,150000
3,1680,1989,440000
3,2140,1928,710000
3,1660,1981,420000
3,1540,1954,312000
3,1880,1952,320000
3,1250,1959,235000
5,2120,1913,437000
3,1810,1903,545000
3,2370,1993,640000
3,1970,2003,432000
3,2110,2001,548000
3,2080,2004,830000
4,3720,1970,875000
2,1370,1944,409950
4,2961,1998,695000
3,2090,1983,562100
3,2600,1989,475000
3,1870,1978,425000
4,2620,1987,600000
3,2430,1987,770000
3,1340,1968,239000
2,1170,1963,295000
3,2000,1963,560000
5,2070,1967,613000
4,4590,1981,960000
5,2550,1905,847000
3,1060,1962,206000
2,1220,1921,253000
4,1790,1973,430000
3,2060,1947,605000
2,1140,2007,425000
4,2870,1986,720000
6,2550,1958,375900
4,2790,1985,1298000
3,1110,1962,210000
2,940,1952,234000
3,2880,1958,285000
3,1200,1962,400000
3,1030,1952,718000
2,1240,1986,174500
3,1200,1995,222400
3,2780,2009,402500
3,1765,1996,250000
4,1960,1958,600000
2,2680,2006,930000
3,1410,1983,272500
4,2240,2014,363990
4,3120,2010,575000
3,1450,2009,400000
3,2340,2013,427874
5,2481,2014,309000
3,1530,2013,320000
3,1250,1942,390000
1,560,1967,299000
4,2200,1955,375000
3,1460,1997,240500
3,1650,1978,320000
5,3200,1952,1270000
3,2560,1986,658588
3,2080,2003,270000
3,1070,1989,327500
3,2190,1978,340000
3,2060,1903,200000
3,2640,1960,1025000
3,1720,1983,275000
5,3880,1979,1126000
2,960,1942,280000
3,2340,1985,485000
3,2660,1992,1901000
3,2090,1947,865000
3,1820,1993,532000
4,2310,1978,364950
3,920,1977,212500
1,790,1942,135000
2,1500,1942,437000
3,1240,1952,390000
4,2730,1986,760000
3,1170,1980,119500
5,3410,1912,2400000
4,2700,1994,837500
4,1650,1968,327500
2,670,1919,175000
3,1670,1992,289950
3,1530,1986,400000
3,1500,1984,219950
4,1720,1974,161700
5,2920,2003,500000
3,910,1948,465000
3,1050,1925,540000
3,1540,2004,525000
3,1210,1949,324950
5,2650,1961,565000
3,1990,1912,760500
5,2660,1969,1100000
4,4060,1977,603500
5,2300,1967,453500
6,2630,1974,583000
2,770,1948,275000
4,3790,1999,875000
4,2540,1979,335000
4,2500,1978,646000
4,2150,2005,392500
3,1670,1961,785000
3,1800,1956,470000
3,2070,1996,560000
2,830,1920,519000
3,2370,1973,746000
3,1010,1959,317000
3,1420,1959,371000
4,2120,1960,250000
4,2020,1979,532000
3,1520,2007,499950
2,820,1922,375000
3,1690,2007,640000
3,2260,1986,400000
3,1830,1986,572000
3,1350,1995,310000
5,3280,2003,989000
4,2770,1989,685000
4,2770,1987,907500
4,2460,2003,427500
3,4720,1998,860000
2,1250,1947,365000
3,1710,1988,250500
3,1840,1952,411715
4,2000,1999,415000
1,650,1967,129000
3,1020,1930,489000
2,1500,1950,170000
3,2060,2007,418500
3,1810,1983,261000
6,3810,1969,2005000
2,1650,1947,355000
3,1540,2011,742000
3,2080,1959,399950
3,2430,1989,791000
5,1750,1943,190000
3,1770,1968,229500
3,1710,2005,539000
4,2740,1991,549000
5,2730,1958,545000
3,2437,2011,285000
4,3290,2008,648000
4,2910,2012,610000
3,1630,2006,767450
4,4410,2006,765000
3,1780,2006,586500
3,1540,2011,520000
3,1420,2006,455000
3,2680,1979,653000
3,1750,1961,279950
3,2170,2003,449950
3,2390,1977,565000
4,2400,1929,620000
3,1690,1967,269000
3,3250,2001,875000
4,4610,1980,630000
4,2440,1957,425000
3,1290,1916,647500
4,2000,1916,450000
3,1050,1900,440000
4,2340,2008,445000
4,2210,1968,530000
5,2920,1906,875000
3,3150,1990,685000
3,3590,1999,798000
4,1910,2005,297500
4,3110,1983,749950
5,2440,2006,495000
4,1330,1962,540000
3,1460,1961,395000
6,3902,1977,1300000
5,5180,2001,1075000
2,1150,2004,214100
4,1920,1959,210000
3,2520,1988,499500
2,970,1924,546000
5,2490,1989,292000
3,1680,1993,289000
3,1150,1957,240000
4,1980,1983,395000
4,2070,1967,795000
4,5660,2001,955000
4,2420,1977,725000
4,2610,2009,335000
4,2810,1994,492000
3,1510,1976,250000
3,1910,1959,700000
3,1700,1931,545000
4,2020,1976,555000
3,2340,1917,640000
3,1463,2003,390000
3,1430,1945,466500
3,1180,1981,372500
5,4400,2003,1800000
3,1610,1994,255000
3,1480,1996,466800
3,2670,1987,749000
4,1830,1990,610000
2,920,1914,356000
3,1150,1908,165000
2,1190,1941,229000
4,4160,1973,530000
3,2370,2001,499950
4,1660,1926,619000
3,1480,1968,547000
4,2390,1999,359800
3,1690,2008,499000
3,1010,1958,189000
4,3500,1994,799000
4,2330,1990,257000
3,1890,1957,270000
4,2000,1959,453500
3,1130,1954,237000
4,1670,1947,456000
3,2600,2004,355500
4,1560,1965,299950
3,1170,1919,335000
4,2100,2006,268500
3,1710,1978,385000
4,2420,2005,376000
4,1370,1951,605004
4,2660,1923,886000
4,2260,2003,560000
4,2070,2004,343000
4,4670,1989,1415000
3,1500,1968,270000
4,2658,2014,411605
4,2700,2007,550000
3,1530,2014,465000
3,1480,2007,584000
3,1390,2006,275000
3,1660,2009,324500
3,2050,2011,700000
4,1550,1954,385200
4,1900,1975,270000
4,2820,2013,735000
2,1490,1956,389250
3,1750,1954,315000
4,2040,1990,545000
3,1900,1926,550000
3,1910,1977,415000
3,1560,1953,387500
3,1470,1939,432000
3,2700,1959,402000
4,3450,1960,1035000
3,1970,1967,294700
3,2670,1986,744000
3,2550,1990,715000
4,1720,1904,500000
4,4270,2004,1300000
3,2170,1979,1150000
4,2840,1990,650000
4,3270,1983,435000
3,1480,1974,510000
5,2440,1972,525000
4,2880,1928,920000
2,1730,1962,200000
2,1260,1926,435000
4,2230,1959,809950
2,2460,1936,1370000
4,2050,1959,455000
3,2030,2001,471000
2,810,1948,253500
3,1840,1953,185000
3,1730,1983,535500
2,2280,2002,835000
4,2630,2008,589500
3,2270,1975,680000
3,1020,1953,360000
4,1990,2005,595000
4,2680,1999,300000
3,1980,1926,660000
3,2400,1993,570000
2,780,1943,285000
3,980,1940,435000
3,1210,1918,160000
5,4600,1956,805000
3,1480,2005,450000
4,1320,1954,510000
5,4400,1963,1120000
4,3010,1999,1280000
3,2260,1985,539000
4,1880,1978,407193
3,1370,1983,320000
4,2720,1919,739000
2,1740,1946,452000
4,2560,2001,600000
5,2690,2012,279000
4,3240,2013,895000
4,2430,2008,585000
2,1405,2007,405000
5,3030,2014,837219
4,4150,2014,969990
3,1730,1985,490000
6,3820,1974,611000
4,3070,2006,462000
4,1780,1994,540000
4,1811,2007,260000
4,2450,1976,510000
3,2300,2001,567500
2,1440,1915,445000
4,2370,1979,684680
4,4420,2001,2700000
3,1300,1927,455000
5,2870,2007,540000
3,3400,2009,530000
3,1410,1956,410000
3,1640,1940,450000
4,3190,2006,609900
4,2380,1992,648000
3,2260,2005,550000
3,1240,1978,347000
5,4220,1958,1635000
4,4250,1972,1339000
3,1860,1963,288350
3,2850,1954,1150000
3,2470,1980,525000
3,2210,1969,250250
4,1920,1975,341000
4,3150,2000,700000
4,2700,1968,390000
3,2190,1963,539950
2,1380,2006,552000
5,2520,1928,250000
3,1300,1963,502000
4,2220,1964,480000
2,730,1946,378500
4,3300,1985,1350000
4,4130,1978,1900000
3,2670,1981,605000
4,1980,2003,307550
2,740,1949,304700
3,2050,1977,568000
3,1230,1987,385000
3,1210,2008,345000
3,1890,1973,435000
2,1870,2003,579000
3,1330,1998,236000
3,1590,1974,305100
3,1710,1958,368000
2,1200,1917,255000
2,1140,1942,400000
3,2240,1948,440000
2,920,1919,417000
2,800,1906,435000
4,1980,1952,475000
4,2800,2001,563500
3,1680,1987,285000
4,2330,1998,471000
4,2240,1965,500000
3,2140,1991,640000
4,2170,1992,442500
3,1150,1963,213400
4,2030,1926,831000
3,1350,1986,325000
2,910,1905,425000
4,2700,1968,550000
4,3730,1991,599950
4,2740,1984,1225000
4,2050,1987,750000
4,2390,1974,290000
4,1990,1999,270000
4,1300,1969,229950
3,1330,1948,234999
2,1000,1960,265000
4,2190,1993,367300
3,1380,1900,550000
4,2610,1988,743700
2,1060,2008,352750
2,710,1943,403950
4,2730,1909,980000
4,2470,1937,585000
3,1760,1977,554000
3,1530,1998,546000
2,1610,1948,280000
2,1030,1938,212500
4,2800,1999,739000
3,1310,1986,428000
4,3160,1981,965000
3,2500,1997,364900
3,2070,1948,559000
4,1980,1978,213000
3,2590,2004,620000
4,1910,1934,240000
3,2630,1967,852500
3,2630,2004,600000
3,1960,2006,410000
3,1440,1977,328000
3,2210,1958,625000
4,2350,1994,649950
3,1590,1944,235000
3,1500,2004,489000
3,1900,2005,536000
4,2370,2013,400000
3,1720,2004,398000
4,2020,1960,379000
2,1340,2008,345000
3,1800,2011,365000
3,1480,2010,315000
4,2750,1916,571000
5,3760,1983,1025000
3,2540,2005,695000
3,1760,1979,225000
3,3000,1995,740000
4,1930,1992,315000
4,3040,2001,1230000
2,860,1916,420000
3,1420,1984,310000
3,2080,1954,700000
3,1560,2003,269000
4,1960,2002,369990
3,1620,1926,800000
5,3670,1952,569000
6,1930,1971,175000
3,1290,2000,440000
5,1970,1986,435000
3,1540,1955,345000
4,2180,1900,558000
2,1490,1983,475000
3,2220,1980,490000
3,2430,1978,335000
2,1392,1978,350000
4,1120,1939,100000
4,1390,1941,417500
3,2040,1962,253000
5,2830,1923,1240000
4,3020,1994,490000
3,2290,1965,470000
4,1210,1955,483300
3,2510,1996,659000
4,2320,1910,480000
3,970,1965,165000
3,1820,1957,659500
3,970,1967,219900
2,1740,1924,315000
3,1590,1984,250000
2,1380,1943,268000
4,1680,1959,380000
2,1220,1926,499000
2,1651,1946,285000
3,1330,1973,183000
3,2940,1988,1070000
3,1410,2005,429000
2,1100,1926,403000
3,1530,1975,375500
5,5270,1977,1795000
3,2110,1919,516200
4,1720,1971,385000
3,1800,1996,515000
4,2210,1999,375000
4,2560,1973,650000
2,1010,1981,306888
4,3340,1998,870000
4,1740,1965,310000
3,1320,1975,251750
3,1520,1976,366000
3,2010,1951,429950
3,2440,2000,710000
5,2550,1953,895000
3,1010,1959,149500
3,1780,1990,310000
3,2180,1930,555000
5,2750,1937,750000
4,3490,2006,745000
3,2550,2001,695000
3,1870,1959,433000
4,1150,1947,307000
3,2050,1962,655275
4,1940,1990,392000
5,3630,2004,1180000
3,1890,1952,359950
4,1630,1968,360000
4,2440,1954,566000
5,3100,1950,700000
3,2090,2000,415000
3,920,1962,199500
3,1580,1926,749000
3,1760,1960,680000
4,2530,1978,400000
4,2490,1983,608000
4,3870,2001,589900
5,2732,1975,480000
5,3230,2014,1059500
6,2930,2013,915000
4,3510,2001,695000
4,2580,2013,899900
2,1060,2005,499950
4,2790,2013,533112
4,2009,2014,303210
5,2880,2006,525000
2,710,1943,399950
3,2070,1910,850830
3,1370,1964,371500
3,1730,1980,522000
4,1680,1950,588000
2,1350,1952,276900
5,1510,1959,248000
3,1860,1989,280000
6,3440,2007,495000
6,4250,1902,665000
2,860,1931,290300
2,1640,1921,527000
2,1295,2007,487028
3,1790,1978,325000
3,2210,1916,799000
5,10040,1940,7062500
3,940,1965,354000
3,1160,1962,262500
3,1990,2004,560200
3,1050,1942,220000
2,1030,1928,650000
3,1420,2004,435000
4,2690,1909,800000
4,3760,1987,1010000
2,700,1953,200000
5,2100,1999,295000
4,2240,1976,580379
4,3470,1995,875000
3,3370,1951,515000
4,2790,1989,599000
3,1870,2005,285000
3,1520,1968,290000
1,750,1946,355000
3,1460,1954,381000
3,2600,1988,571000
4,3320,1977,852600
5,2340,1922,1085000
3,890,1951,371000
3,1720,1986,514000
3,1270,2004,386000
4,2180,1989,464000
4,2030,1963,335000
4,2490,1979,740000
4,1470,1955,465000
3,2500,1948,700000
3,4500,2004,785000
3,1460,2006,350000
1,620,1939,148000
3,1550,1927,530000
3,1430,2002,349000
3,1360,1984,240000
3,2210,1989,330000
4,2460,1909,735000
3,2180,1979,545000
3,1570,1977,214950
4,4140,2002,657500
3,1140,1908,476000
5,8670,1965,2888000
2,800,1927,110000
4,2414,2006,292000
3,1160,1952,317000
4,3170,2001,455000
5,4210,1995,1365000
3,2060,1929,460000
3,1640,1948,405000
2,720,1942,333000
4,1860,1901,427000
4,2810,1997,742000
4,2090,1965,465000
4,3280,2001,809950
4,2090,1927,619400
3,2430,1949,762400
5,2520,1978,535000
5,2510,1925,881000
4,3370,1948,813000
3,1640,1910,234000
3,2250,1994,308900
4,2300,1955,450000
3,1650,2010,547500
2,710,1943,399950
4,2550,2007,516000
2,982,2006,250000
3,1630,2005,475000
4,2550,2009,415000
2,1240,2014,545000
3,2456,2012,329950
5,3200,1965,1325000
3,3950,1989,784000
4,2180,1984,610750
4,3140,1966,578000
4,4030,2006,1485000
3,1970,1976,501000
5,1940,1957,465250
5,4860,1905,2250000
0,3064,1990,1095000
2,970,1908,315000
4,2460,1957,900000
4,3010,2005,789500
3,2460,1952,678500
3,2080,2002,342500
4,3960,2005,860000
4,2490,2001,306000
5,2060,1903,580000
3,1330,1984,405000
3,1600,1967,510000
2,820,1965,173000
4,1200,1968,210000
3,1050,1947,445000
3,1910,2007,585000
3,1800,1950,381000
3,2060,1966,890000
3,1840,1985,235000
3,1250,2005,480000
2,1510,1935,575000
4,2300,1904,350000
4,1490,1966,259000
5,2820,1967,599000
4,1130,1970,210000
4,3200,1948,1184000
3,1510,1909,545000
3,1970,1988,299995
3,1210,1910,440000
4,3280,1996,699000
3,2420,1979,795000
5,2460,1911,445000
3,1180,1948,397990
3,1900,1942,706000
3,1651,2008,363000
4,2130,1972,850000
2,1430,1929,620000
4,5730,1991,1228000
4,1910,1963,333000
3,2110,1961,743000
2,1630,1940,448000
4,2470,1989,485000
4,2640,1986,489950
5,2990,1996,498500
3,2120,1988,531000
3,2050,1956,670000
5,1880,1997,310000
3,2790,1977,835000
4,3000,1937,1688000
4,2140,2003,495000
3,1769,1955,495000
3,1710,1926,440000
1,420,1922,280000
4,3270,1989,1070000
4,2370,2003,1034500
4,1770,2003,248000
4,2210,1990,294000
3,1710,2004,561000
4,2710,1919,656500
3,2340,1925,660000
2,1220,1947,370000
3,1060,1966,349950
2,910,1957,223000
4,1880,1944,560000
4,1870,1937,594000
3,1480,1914,600000
3,1880,1993,315000
4,1890,1947,430000
3,1560,1972,440000
2,1070,1999,312500
5,4410,2006,1240000
3,1470,2008,300000
3,2570,2007,680000
2,1170,2009,336750
5,2320,1926,822500
4,2440,1961,589000
4,4120,1997,863000
2,1440,1978,210000
3,1340,1978,206135
6,3010,2014,1125000
3,1840,1905,285000
2,930,1986,230000
4,4070,2002,845000
3,1820,1976,350000
3,1280,1947,304000
2,900,1951,370000
3,1980,1952,810000
4,2010,1974,440000
4,2750,1905,1030000
4,3140,1939,775000
5,4200,1906,1335000
3,1900,1980,235000
3,1830,1926,499950
5,3320,1975,622500
4,2700,1966,300000
3,1290,1976,205000
3,1500,1997,435000
4,3650,1978,697000
3,1270,1944,153000
4,2630,1979,454000
2,1800,1987,345000
3,1870,1927,585000
4,2540,2000,380000
4,1930,1981,250600
4,2770,1974,890000
4,2220,2001,370000
3,1650,1961,369500
4,3670,1999,883000
4,3770,1989,950000
3,2350,1978,615000
3,1210,1983,305000
4,2010,1989,590000
3,1580,1985,485000
2,710,1943,215000
3,1910,1971,430000
4,1880,2000,324900
2,2280,1990,849900
5,3100,1973,975000
5,2350,1993,910000
3,1850,1919,459950
3,2070,1997,325000
4,2020,1958,513000
3,1580,1981,475000
4,2690,1993,419000
4,2420,1958,760000
5,2540,1954,1120000
2,1150,1950,129000
5,3210,1968,725000
3,2040,1992,580000
3,1920,1921,385000
4,1900,1958,265000
3,4310,1982,1735000
3,1070,2005,330000
4,2790,1989,665000
3,2860,2000,799000
3,2250,1925,589000
2,3170,1900,1695000
3,1460,1906,538000
3,1540,1926,530100
3,2910,1900,718500
3,1180,1962,299000
3,1640,1948,556000
4,1520,1920,171000
5,3610,2003,540000
3,1400,2012,250000
4,3200,2007,795000
3,1384,2006,575000
3,1410,2005,379500
4,2050,2006,385000
4,1750,2009,415500
3,1510,1972,397500
3,1930,2005,530000
4,2960,1985,883000
5,2920,1968,850000
2,1980,1923,496752
3,1430,1950,330000
4,2450,2010,735000
4,2360,2008,525000
3,1890,2002,269950
3,2140,1953,650000
3,1900,1940,520500
4,2700,1990,652500
5,2430,1957,506000
3,1110,1957,416000
4,2280,1960,500000
3,1550,1949,460000
3,1530,1977,371025
4,2440,2002,576000
4,1760,1987,353500
4,3040,1926,1735000
3,1070,1957,183000
3,1990,1939,763101
2,1090,1951,460000
4,1890,1919,825000
3,1000,1969,265000
3,1770,1960,295000
4,2360,1960,418000
3,3380,1999,554000
3,1700,2005,534500
2,1600,1918,690000
4,2050,1988,530000
2,1210,2014,357186
5,1940,2007,300000
4,1810,1967,304000
4,1690,1984,385000
4,1800,1923,415000
4,3280,2007,963000
4,4290,2004,792500
3,1150,1979,309212
2,880,1999,235000
3,1720,1907,667000
3,1510,1956,470000
4,1240,1908,375000
4,1580,1953,410000
4,2170,1987,566000
4,2500,2010,680000
1,960,1908,332000
4,3030,2003,902000
3,1540,1947,500000
3,1890,1976,445000
4,2810,1973,825000
4,3530,1958,1095000
3,1100,1957,277000
3,1940,1975,545000
3,2300,2003,435000
3,2110,2005,638000
4,1220,1965,418000
3,1750,1968,499000
3,1230,1949,150000
3,3100,2002,759950
3,1830,1991,427000
5,2640,2003,632500
6,1840,1900,660000
4,3190,1990,862000
2,1120,1910,524000
3,1760,1958,470000
3,1590,2000,385000
4,2120,1985,575000
4,2240,1988,220000
2,890,1919,460000
3,2940,1978,1712500
3,1220,1973,175000
3,2670,1966,465000
3,1120,1912,552000
4,3130,1981,565000
4,1740,1976,518000
4,3290,2006,899950
3,1770,1926,373000
4,2960,2006,385000
2,1200,1943,245000
4,2400,1913,375000
4,2690,2002,699850
6,3550,1948,450000
2,1310,1970,455000
4,2610,1910,650000
5,2760,1960,378000
3,1410,1940,220000
4,1960,1967,285500
3,1212,2004,340000
4,2220,1954,921000
4,2040,1973,375000
4,2800,1992,999000
3,2040,1957,335000
4,3070,1950,1920000
2,830,1928,385000
4,4140,2003,850000
5,2340,2009,429000
3,1420,2006,523950
3,2670,2013,798800
3,1880,2009,284000
4,3450,2014,852880
3,1200,2005,320000
4,3430,2014,749995
3,1350,2007,468500
5,2570,2006,492500
4,2840,2008,685000
4,2650,2014,542525
3,1980,2007,435000
3,1280,1988,242000
4,2610,1987,325000
5,3010,1994,837700
1,930,1948,210000
3,1180,1977,187500
5,1710,1926,560000
3,1380,1989,272000
3,1190,1968,235000
3,1870,1986,259000
5,3130,2014,866059
2,900,1909,473000
3,1880,1968,405000
4,3010,1951,870000
3,2280,1985,475000
3,2970,1998,499500
2,1620,2008,386000
4,1550,1918,458000
3,2240,1976,550000
3,2830,1989,605500
3,2890,2000,421000
4,1990,1991,536000
3,1370,1982,247200
2,1088,1983,250000
4,1740,1978,204950
3,1730,1978,430000
4,1800,1998,250000
3,1440,1958,260000
4,1720,1926,547000
5,2800,1995,379900
3,2300,2005,738500
4,2030,1967,545000
2,740,1948,342000
5,9640,1983,4668000
4,1920,1966,170000
4,2490,1983,616000
3,1380,1948,640000
3,1530,1993,332000
3,2420,2006,1010000
4,2150,1991,380000
4,1610,1967,415000
4,2650,2001,1008000
4,2700,1976,669000
3,1270,1948,260000
4,3150,1986,854000
3,2010,1985,605000
3,860,1927,320000
3,1410,1983,229950
3,1700,1987,255000
4,2570,2000,1170000
2,1230,2004,479000
4,4170,2004,1200000
3,1180,2010,472000
3,1430,1980,198000
4,1450,1962,440000
3,2180,1961,506000
4,2210,1993,382500
2,1480,1978,269500
3,2340,1971,560000
4,3860,1996,840000
3,2300,2008,479500
3,1450,1968,402000
2,1380,2006,549000
4,2470,1999,449950
4,2030,1975,493000
4,1440,1948,142500
3,1160,1998,250000
3,1580,1908,729000
2,1430,2006,465000
2,1494,1943,465000
4,1930,1988,280000
6,2740,1953,675000
3,1880,1927,667500
3,2590,1988,809000
3,2140,1986,400000
4,1870,1956,310000
2,1230,1928,435000
4,2340,2001,465950
3,2880,1958,1538000
3,880,1945,253000
3,3040,2003,330000
4,1120,1946,554000
3,1380,2013,350000
4,1660,1994,294999
3,2500,1905,1185001
4,2940,1991,752000
4,1670,2005,451000
4,2630,1994,725000
4,2250,1975,345000
3,1320,1967,206000
4,4100,1934,2027000
3,4340,1993,2475000
4,3700,1976,1728000
5,2700,1962,580000
3,980,1950,430000
4,2650,1988,720000
7,3670,1964,824000
3,2960,1952,936000
4,3070,2006,535000
3,1413,2011,286800
2,1260,2005,350000
3,1680,2007,345000
3,1230,2009,435000
3,4360,2008,1555000
4,4420,2013,1325000
3,2770,2006,461000
3,2910,1990,770000
4,4290,1997,1384000
3,1600,2005,330000
4,1820,1994,322500
6,6050,2001,1600000
3,1700,1977,475000
2,790,1942,250275
3,1720,1969,274500
3,990,1960,284950
4,1770,1983,264950
3,1260,1986,242000
4,3640,1999,913000
3,2040,1958,555000
4,1980,1948,711000
5,3600,1968,403500
4,4270,1991,975000
4,2030,1947,253779
3,1689,2008,384400
5,2870,1976,646000
3,1270,1952,415000
4,2790,1997,764000
5,3850,2002,507000
3,1560,1936,545500
3,1180,1928,450000
4,1820,1980,264000
5,1260,1926,650000
3,2640,1991,365000
2,1100,1954,343566
3,1950,1997,375000
3,1380,1966,295000
3,2200,1977,325000
4,2050,1963,265000
5,2795,1996,562000
4,2050,1989,540000
4,6430,2001,4489000
5,2150,1970,279950
3,1970,1963,540000
4,2660,1960,310000
1,720,1914,190000
4,2410,2000,440000
3,2020,1937,1400000
2,1080,1958,230000
3,1180,1981,455000
2,660,1915,175000
3,2920,1981,650000
4,4850,1989,3000000
3,1080,1900,192500
3,1670,1978,239950
6,1370,1931,175000
5,3450,1972,850000
4,1970,1961,410000
4,2290,1996,570000
5,2240,1966,469000
2,1240,1938,559000
3,2420,1989,739888
5,3260,1969,568450
2,670,1942,240000
5,3160,1980,574950
3,1990,1967,180000
4,4680,2005,1160000
3,1700,2000,300000
4,2807,1996,630000
4,1770,1968,507000
4,2570,1979,287500
3,3450,1983,688000
3,1670,1972,424000
3,1050,1928,400000
4,1910,1987,620000
3,910,1971,300000
5,2480,1978,615000
2,1820,1921,206000
4,2920,2003,515500
5,1870,1961,554000
4,3810,1938,825000
4,2190,1918,855000
3,1730,1993,315000
5,2220,1968,299000
3,1320,1951,650000
3,1510,1925,465000
3,2120,2003,535000
2,1690,2004,564000
3,1360,2007,515000
4,3250,2008,580000
3,1490,2010,309000
3,1930,2013,536751
4,2020,2010,415000
3,1584,2012,267000
4,3170,2008,820000
4,3870,2005,1399950
2,1430,2008,485000
3,1380,2008,482000
4,2610,2008,535000
3,1540,2013,690000
3,1940,1948,576000
3,2160,1909,378750
4,1530,1968,269900
3,1440,1983,210000
4,2640,1987,429900
4,3620,1927,1525000
4,2850,2004,360000
2,1260,1947,405000
3,1610,1955,450000
3,1360,1945,703000
4,2496,1998,661000
4,2160,1969,580000
3,1320,1900,464000
2,2540,2004,945000
4,2620,1956,659500
3,1140,1960,200000
3,1790,1990,280000
4,2440,1902,1325000
3,2140,1966,346150
3,1330,1905,197500
4,2590,2001,799000
4,4750,2005,1309500
2,1620,1921,350000
4,2440,1987,720000
3,2020,1954,519000
3,1470,1907,590300
5,5990,2002,2200000
6,2520,1962,410000
2,1440,2005,437000
3,1640,1984,221000
4,2150,1963,380000
2,1570,1952,506000
4,1980,1968,395000
3,1210,1901,285000
3,1900,1903,311000
3,1940,1991,520000
3,1310,1948,435000
2,990,1945,120000
3,3870,2002,1440000
3,1340,1912,186000
4,2160,1947,756000
4,2080,1950,248000
3,1300,1933,287000
4,2610,1998,510000
3,1050,1959,249000
3,2480,2004,340000
4,1820,1930,399888
3,1170,1968,440000
4,2370,1959,899000
5,3090,2014,540500
3,2310,1978,385000
4,2060,1962,558000
3,2540,2007,600000
4,2400,2003,450000
3,1320,1961,232500
2,790,1949,436000
4,1790,1960,240000
3,1820,1983,489950
6,1670,1911,680000
5,3990,2001,1068000
3,1430,1945,352450
4,2030,1969,335000
4,1290,1906,549000
4,3820,1990,1240000
4,2520,1931,618250
5,3880,1972,1815000
2,1590,1927,850000
5,3530,1925,930000
3,1610,1996,505000
4,3280,1994,925000
3,1860,1971,275000
3,1840,1910,499000
3,2120,2003,507000
4,2270,1972,619850
3,2840,1994,500000
4,1220,1980,310000
4,2310,2008,646000
3,1840,1966,265000
3,950,2003,475000
4,3070,1970,600000
3,1730,1997,470000
2,920,1939,319950
3,3200,2004,712000
4,3010,1996,775000
3,1600,1979,390000
4,2840,2001,585000
3,2430,1989,1027000
3,1750,1976,232603
3,1240,2008,543000
3,1530,2006,607500
3,3390,2012,750000
3,2320,2008,728050
4,2650,2012,734990
3,2238,2011,330000
4,2620,1996,605000
3,1910,1979,441000
4,3040,2003,650000
7,4640,1965,1950000
3,1500,1925,395000
1,380,1963,245000
4,2970,1997,905000
4,3030,1988,660000
4,1890,1978,378000
2,1040,1919,600000
4,2090,1986,632500
2,1680,1910,210000
2,2770,2006,754800
2,1020,1948,175000
3,1470,1985,455000
3,1430,1947,450000
4,2050,1974,790000
4,2080,1941,480000
3,2870,1995,850000
4,3940,2000,725000
3,1520,1949,380000
3,1700,1954,979000
3,1940,1981,359950
4,2870,1926,665900
3,3240,2001,812000
3,1150,1953,203000
3,1440,1975,456000
5,2200,1916,547000
3,1470,1987,280000
2,1760,1930,640000
3,1780,1976,477000
4,2450,1954,455000
3,1890,1999,587206
3,2540,1999,425000
4,1360,1917,511500
2,1310,2004,218000
3,1510,1942,332000
3,1860,1967,291000
4,2200,1979,279000
4,3360,1988,950000
3,2470,1960,970500
2,1260,1925,412000
3,1430,1950,400000
3,1230,1913,200000
4,2320,1997,397000
4,3290,2003,715000
4,2550,2005,371000
3,1870,2003,458000
5,3110,1977,436500
3,1820,1983,329950
3,3050,1962,950000
4,1890,1997,282000
1,800,1931,250000
6,6900,2002,1135000
4,2670,1972,400000
5,3260,1964,681500
2,860,1949,200000
5,3366,1937,1300000
5,3840,2008,1462497
4,3850,1998,995000
4,2040,1996,355000
3,1790,1967,425000
4,3740,1988,869000
3,2660,2003,915000
3,3230,1973,2110000
4,3140,1959,925000
6,5480,1999,2400000
3,1160,1910,390000
3,1860,1995,330000
4,1630,1990,482500
3,1750,2001,525000
3,1300,1960,237000
3,960,1960,205000
3,1850,1989,623000
4,3260,2013,565000
4,2420,1973,400000
3,1460,2002,405000
4,2240,1992,337000
2,1240,1943,355000
3,2060,1975,885000
5,2280,1959,420000
4,2510,2006,448000
4,3150,2004,800000
5,2780,1978,830000
6,2380,1917,725000
3,2140,1905,780000
2,840,1948,325000
4,2170,1976,488800
4,4410,1989,1320000
4,2120,1940,489000
7,6630,2004,1240000
3,3290,1993,595000
5,2290,1973,359900
3,4910,1989,1080000
4,3730,2012,925000
3,2440,2014,625000
3,2570,2014,339990
4,2970,2014,775950
5,2630,2013,420000
3,1530,2005,654000
3,3690,2001,725000
2,1230,1948,375000
3,2200,1952,1100000
4,2330,1986,639500
4,2160,1928,849000
4,1550,1956,418000
4,1780,1943,442900
3,2610,1934,750000
3,3290,2000,930000
2,1330,1914,565000
4,3530,1987,874150
4,2090,1990,545000
4,2040,1963,500000
4,2370,1966,687000
4,2810,1989,810000
3,2050,1977,439500
3,2870,1907,802000
4,2130,1963,732600
4,2580,2004,374000
4,2380,1999,330000
4,1940,1962,365000
2,1610,1930,290900
3,2060,1976,577000
2,1010,1925,280000
4,2810,1982,675000
3,2380,1972,800000
2,1060,1951,299995
3,1560,1983,440000
2,1500,1963,249500
2,970,1907,690000
3,1170,1968,235000
3,2280,1998,320000
7,2800,1963,350000
4,1150,1970,334000
6,2180,1980,235000
4,2520,1990,442000
3,1760,1966,264000
2,1180,1949,275000
2,950,1949,430000
3,1900,1988,550000
4,2300,1999,775000
6,2660,1962,603500
3,1530,1919,230000
4,1850,1930,449000
4,4230,1997,2075000
3,1200,1937,420000
4,2270,1954,735000
3,1090,1968,200000
3,1100,2008,286000
3,1640,2009,579000
3,1950,1959,345100
3,1660,1957,350000
3,880,1946,291500
3,1500,2014,649950
3,1890,2012,458500
3,1150,1911,500000
3,2430,1997,362300
4,2110,1975,324000
3,2950,1918,495000
3,1650,1985,233500
3,2110,1978,479000
4,2010,1975,322200
4,3030,1998,835000
3,1270,1955,347000
3,1610,1962,725000
3,1140,1904,345000
3,2110,1989,345950
3,1840,1964,550000
3,1560,1940,399950
3,1840,1976,269500
4,1830,1973,494000
4,2120,1956,453000
3,1600,1977,442500
4,1450,1962,235000
3,1880,1959,389800
3,1270,1950,346000
4,1720,1953,360000
4,2400,1990,650000
3,1150,1932,290000
2,870,1940,234000
4,2000,1989,260000
3,2420,1949,349900
3,1080,1952,275000
4,3420,1988,725000
4,1870,1990,375000
4,2500,1997,806000
3,2150,1992,470000
3,1470,1984,490000
5,2130,1926,615000
3,1000,1968,249000
3,2390,1955,396500
2,860,1901,405000
3,1960,1989,560000
4,2000,2003,459950
3,1620,1928,265000
6,2890,1977,502000
3,1300,1981,430000
2,1080,1924,525000
4,2170,1955,415000
3,2260,1987,600000
3,1580,1967,225000
4,2620,2008,300000
4,1540,2014,491234
4,4570,1948,1580000
4,3440,2006,905000
5,1740,1959,199950
4,2160,1942,450000
3,1480,1949,899000
2,2260,2005,649000
4,3910,1987,780000
4,1700,1965,400000
5,4470,1984,831500
3,1800,1905,471001
3,1630,2007,385000
3,1030,1969,326000
1,720,1907,335000
4,1890,1974,320000
4,1840,2004,300000
4,2540,1977,269950
4,3520,1913,1220000
4,3220,1966,590000
3,1820,1941,750000
3,1230,1984,239950
3,1340,1931,215000
3,1200,1943,165000
3,1390,1962,261350
4,1730,1924,569000
3,1580,1992,425000
4,3520,1954,800000
4,2650,1960,715000
3,1310,1993,337000
4,2300,1990,560000
3,1780,1972,449500
3,1980,1987,660000
2,1300,1943,685000
5,3500,1996,905000
3,1830,1960,403500
3,1520,2004,405000
4,2700,1984,385000
3,2810,1974,1700000
3,1660,2003,285000
3,1310,1990,249900
4,2960,2014,633634
3,2242,2011,329900
3,2540,2006,310000
3,1420,2008,345000
3,1270,2012,160797
3,1300,2006,562500
5,3190,2013,664950
5,2910,2013,515000
3,1630,2005,497000
5,2300,2013,312891
3,3310,2008,670000
2,940,2009,362500
2,1020,2009,402101
3,1520,1948,438000
4,2330,1929,687500
3,1010,1962,160000
3,1070,1977,415000
3,3170,1995,405000
4,3030,2005,880000
3,2270,1998,585000
4,2341,1997,640000
3,2130,1908,819000
3,2300,1984,520000
3,1660,1978,367500
4,2610,1978,762500
3,2150,1954,300000
3,2410,1976,625000
2,1580,1941,530000
3,1740,1992,379000
2,1270,1949,615000
2,2550,1902,660000
3,1860,1963,380000
4,2700,1958,314900
3,1460,1955,324950
3,1330,1968,225000
3,2070,1999,535000
3,1360,1966,348500
4,2650,1986,725000
4,3580,1985,925000
2,2034,1947,549000
3,1230,1984,400000
4,2450,1994,620000
6,2840,1961,665000
4,3820,1994,1215000
3,2740,1913,1157400
4,2090,1989,349950
5,6390,1940,2466350
4,2470,1948,339000
3,1720,1924,615000
4,3090,2004,751000
4,2320,1926,941000
4,1740,1968,600000
4,2950,2005,455000
0,4810,1990,1295648
3,1500,1920,485000
3,1810,1969,358000
3,1100,1942,339000
3,1490,1969,258000
2,1200,2013,455000
4,1890,1980,437000
3,2200,1978,689000
4,2510,1978,319000
3,1420,2006,510000
3,2000,1957,440000
2,1460,1900,1010000
4,3220,1996,875000
4,1310,1953,304000
2,690,1942,139000
3,1150,1959,464500
3,1480,1963,336500
4,1850,1944,230000
3,1930,1990,425000
2,750,1941,300000
3,1430,1996,457500
3,1840,1977,366000
3,1300,1955,502000
3,1050,1983,194000
4,2210,1968,305000
4,3220,1973,1250000
4,4620,1991,575000
4,1760,1950,343500
3,850,1948,325000
4,4690,1995,600000
4,3920,1996,850000
3,2140,2005,420000
2,1180,1940,257500
5,2360,1962,317000
3,3060,1930,970000
3,1670,1977,252000
3,1820,1946,683500
3,1970,1988,289000
2,930,2007,355000
3,2300,2004,675000
3,2590,1976,396500
4,1450,1960,362500
4,1540,1943,395000
5,2730,1968,599000
3,880,1945,218000
4,3190,2006,589950
3,1330,1968,218000
3,1500,1957,360000
2,740,1922,350000
4,2560,2004,350000
3,2540,1930,845000
3,3200,2000,839000
4,3330,1958,850000
2,900,1956,329950
4,1600,1946,425000
2,970,1956,210000
2,1130,1927,631500
2,650,1950,295000
3,2400,1926,575000
3,2280,2011,415000
4,3550,2010,859000
4,2050,2012,639888
2,830,2005,329445
4,2440,2013,745641
3,1600,2007,395000
4,3190,2010,790000
4,2550,1905,890000
3,2180,1962,400000
3,1410,1983,365500
3,1410,1985,245000
4,2340,1993,390000
3,1320,1966,196500
4,3990,2006,1200000
3,1270,1958,276900
3,4380,1968,995000
4,4250,2004,2300000
3,1860,1987,505000
4,3770,1989,1229000
4,1530,1925,352000
4,3570,2013,597326
2,1740,1955,800000
3,1670,1990,270000
4,1570,1984,235000
2,1590,1997,409900
5,2980,2006,739900
4,2690,2001,608000
2,900,1924,381500
2,1440,1914,562100
4,3000,1995,740000
3,1640,1942,308000
5,3100,1970,905000
4,4000,2007,762000
4,2020,1949,356000
3,1840,1915,750000
4,2100,1973,418800
4,2460,1959,276000
3,2610,1996,725000
3,1460,1995,285000
3,1050,1958,205000
3,1790,1989,583000
4,2180,1926,657000
4,2050,1965,386000
5,2790,1973,589950
3,1700,1924,575000
3,2380,2002,574000
5,2000,1908,690500
2,1670,2005,565000
3,1190,1940,500000
6,3040,1951,330000
2,780,1930,286000
3,2330,1954,450000
4,2840,1912,870000
4,2490,2000,725000
2,770,1927,275000
3,1850,1953,645000
3,1090,1969,152000
4,1780,1918,315000
1,930,1941,190000
4,2770,2004,700000
3,1250,1955,233000
4,1830,1990,249000
2,870,1950,310000
3,1150,1951,265950
5,4500,1968,860000
3,1150,1938,200000
4,2000,1926,402000
6,1900,1964,305000
3,1640,1975,505000
3,2680,1913,1355000
3,2420,1998,482000
3,1790,1978,299950
4,3920,1997,770000
3,1640,1968,245700
3,890,1954,283000
4,1910,1940,650000
5,2140,1962,530000
3,2030,1953,440000
4,4225,1985,1005000
3,2680,1978,599990
4,2030,1994,544000
5,5850,1978,1700000
2,2060,1962,270000
2,1060,1943,435000
3,1010,1947,349000
4,3310,1924,1140000
4,2000,1997,320000
4,3070,2005,804100
3,1270,2014,594000
4,3110,1958,531500
3,2110,1979,1150000
3,1400,1984,374500
4,2310,1952,450000
5,2700,1967,744500
5,2370,1981,913888
4,2760,1942,760000
2,1610,1941,346500
3,1230,1966,280000
3,1900,1959,557500
3,1580,1954,260000
3,1940,1900,1330000
3,1620,1947,640000
7,1940,1994,280000
3,1230,1965,205000
5,3160,2005,957000
5,2700,1955,625000
4,1880,1954,680000
2,890,1942,150000
3,1720,1992,255950
3,1620,1989,246500
2,1380,1931,450000
3,1870,1958,595888
3,1970,1970,454000
3,1110,1979,299900
3,1190,1995,200000
3,1150,1932,346500
4,2890,1973,585000
3,1500,1977,383000
4,1950,1910,519000
3,1250,1968,410000
4,2070,1996,578000
4,4660,2003,1280000
2,1350,2007,395000
3,1800,2011,364000
3,1481,2012,240000
3,1730,2014,328423
4,2720,2005,594000
3,2320,2009,425000
3,1860,2012,309620
5,2025,2007,260000
3,1400,2007,563500
5,2620,2009,975000
3,2450,1915,937000
3,1590,2010,518500
4,2085,1964,563500
4,3450,2007,1050000
3,1780,1987,350000
4,3060,2006,826000
3,1700,1945,225000
4,1330,1942,235867
4,3060,2001,399000
3,1220,1968,177500
4,1600,1959,224000
4,1530,1968,302000
3,1980,1959,760000
3,1730,1969,460000
3,1170,1957,415000
2,1950,1952,669000
3,1470,1968,254600
3,1400,1952,357250
4,4040,1987,910000
6,3110,1921,725000
3,1490,1906,670000
4,1770,1947,440000
4,3320,1977,1025000
2,950,1948,320000
4,2430,2002,310000
4,2660,1955,772650
4,2670,1996,669950
5,2720,1993,690000
4,3200,1970,385000
3,2480,1974,663000
3,1780,1967,300000
2,1590,1972,225500
3,1550,1999,320000
3,2850,1976,775000
3,2600,1929,805000
4,1230,1944,252750
5,2080,1959,254000
6,3600,2004,620000
4,2110,1962,435000
4,2550,1961,460000
3,1650,1991,268000
2,1370,2008,446000
2,1010,1975,285000
3,2330,1987,530000
2,620,1911,402000
3,2450,1967,358000
4,2530,1977,354950
4,2220,2001,405000
4,2110,1979,568000
5,3690,1960,575000
4,1940,1977,315000
4,2070,1977,280927
4,2160,1976,440000
4,2600,1965,270000
4,2880,1912,755000
4,2260,1984,289659
5,3640,2004,555000
3,1530,1952,450000
3,2490,1918,1145000
3,1440,1983,495000
3,3760,1910,1250000
4,1720,1975,580000
4,2480,1959,560000
4,3990,2008,1080000
2,840,1912,450000
3,2270,1968,815000
4,2580,2005,354000
3,1580,1988,279900
2,950,1941,339000
4,3190,2003,1340000
3,3740,1990,710000
4,2620,1949,815000
3,2080,1958,800000
3,1660,1922,638000
3,1520,1983,475580
3,1140,1981,243800
3,3240,2004,600000
3,2460,1988,620000
4,1750,1903,750000
3,2430,1945,626000
3,1060,1956,230000
3,2410,1942,537000
2,720,1943,210000
3,1260,1963,200500
3,1640,1954,253500
3,1310,1962,150000
3,2120,1949,440000
3,3320,1933,667000
3,1210,1955,660000
3,2590,1993,695000
4,2250,1989,440000
4,4040,1972,1388000
3,1090,1912,219500
3,1660,1981,220000
2,1780,1954,270000
4,3370,2008,900000
5,4480,1902,1990000
4,2990,1990,800000
5,2280,1924,365000
3,2480,1950,1387800
5,2830,1967,451000
2,920,1950,202000
4,3250,1979,1410000
2,1240,1924,471000
4,3230,1977,827000
5,2500,1979,235000
2,1390,1980,216500
5,1940,1953,359000
3,1900,1991,252500
3,2380,1961,370000
3,1480,1928,663000
4,3460,2013,971971
3,1444,2008,420000
4,1930,2006,330675
4,1200,1933,240000
3,1769,2012,334888
3,2490,2012,414000
4,3060,2014,782900
4,3030,2011,525000
3,2370,2009,429900
3,1370,2006,390000
3,1500,2014,224000
3,1715,1995,257500
2,1110,1925,665000
5,2400,1998,327000
3,1520,1988,425000
4,3190,1994,687500
3,2400,1939,672500
3,1060,1959,140000
2,1220,1972,215500
4,2020,1979,464900
4,2300,1959,417000
4,2300,1979,453000
3,1660,2002,700000
4,3900,1972,1619999
3,1650,1957,259500
4,2110,1985,460000
3,1960,1939,561500
4,2770,1997,641000
4,2440,1978,330000
2,1320,1953,447000
4,2570,2005,320000
2,940,1926,212700
2,700,1922,260000
3,1400,1981,410000
4,1890,1996,355000
2,720,1951,275500
3,2410,1967,415000
3,1630,1985,279000
5,2330,1968,350000
2,1330,1985,355000
4,3190,1984,750000
3,1400,1998,235000
3,970,1967,209950
3,1010,1969,230000
3,3580,1990,725000
2,1050,1927,430000
5,2500,1977,661500
3,2630,2006,738000
4,6640,1993,1820000
3,910,1966,221000
3,2610,1988,665000
3,1720,1998,255000
5,3650,1969,1195000
3,2040,1980,355000
5,3260,1950,755000
3,1590,1956,300000
4,1440,1906,500000
2,900,1905,191000
6,3120,1993,315000
3,1060,2000,415000
4,3000,2002,394000
3,2230,2000,490000
5,1890,1906,523460
4,4150,2006,550000
3,1780,1981,342000
4,2710,2003,560000
4,4390,2003,1050000
2,1640,1916,710000
3,1670,1903,1020000
3,2570,1989,399950
2,1500,1902,480000
3,2710,1950,410000
4,2860,1978,530000
2,840,1937,528000
4,2990,1991,469900
5,1170,1944,397000
3,1200,1952,718500
2,1020,1940,195000
2,910,1948,285000
1,700,1907,295000
4,2420,1981,602000
3,1950,1960,235000
4,3060,2012,465000
4,1390,1955,234000
2,1200,2008,504200
3,2440,2003,710000
3,2310,2005,589500
3,2600,2009,415000
3,1490,2011,735000
3,2432,2005,427000
4,3610,2014,982000
4,2530,2013,459000
4,2790,2014,483453
3,1670,2014,246950
1,1170,2007,235000
4,1350,2008,288790
2,1110,2014,229800
1,1100,2014,516500
3,2820,1930,1600000
3,1040,1983,234000
2,1910,1980,230000
4,1370,1949,300000
3,1500,1927,470000
3,1200,1969,339900
2,1050,1904,650000
5,2670,1920,585000
4,2190,1972,699900
4,3130,1994,598000
3,1700,1998,475000
3,1700,1978,314500
3,1360,2007,397000
3,1610,1986,345000
5,2130,1991,325000
3,1800,1957,265000
4,2950,1974,402000
3,2120,1964,835000
4,3500,2005,780000
3,1440,1965,250000
4,2120,1905,1200000
2,1780,1974,935000
2,960,1947,300000
2,1510,2006,419000
1,1010,1911,410000
3,3790,1989,1165000
3,3600,1948,461000
3,1300,1968,385000
4,2500,1940,669500
3,2090,1958,491950
3,2200,1948,1230000
3,2070,1955,560000
3,1320,1982,370000
4,1360,1960,263400
2,930,1942,100000
3,1760,1937,289950
3,1410,1985,263000
4,2570,1992,397500
3,1300,1996,245000
3,1580,1925,535000
4,2960,2005,449000
4,2330,2003,490000
4,2070,1977,445800
2,970,1932,345000
3,2310,1990,327500
4,2290,1988,436500
3,1720,1967,550000
2,1190,1919,441000
2,870,1947,406500
2,1068,1990,243000
4,2140,1993,359500
4,3300,1984,760000
5,4830,1914,1925000
5,2820,1906,408000
4,2440,1981,480000
4,1800,1929,875000
3,1010,1954,308000
4,3220,1931,880000
5,5000,2008,1730000
2,1200,1976,170000
3,1470,1985,491500
3,2600,2003,515000
4,2750,1958,550000
2,1320,1919,255000
3,3350,2005,635000
3,2650,1920,850000
2,1860,1952,265000
3,960,1958,349810
4,2010,1937,972000
2,900,1928,235000
4,2340,1997,330000
4,3720,1979,500000
3,1890,1949,570000
4,2680,1956,1309500
3,1460,2007,544000
3,3180,2006,439000
4,1980,1981,530000
2,1090,2008,427500
4,2230,2002,337000
4,3330,1995,1095000
4,1880,1904,435000
5,2870,1964,765000
4,2120,1967,492650
4,2700,2001,383962
4,3670,2007,950000
3,1220,2008,457000
5,4390,2007,1510000
4,3560,2014,882566
4,3530,2007,963000
4,2280,2006,345000
4,4350,2013,2065000
3,3830,1993,800000
3,2050,1993,314500
3,3660,1989,530000
4,3350,2004,650000
3,1270,1963,349500
4,3400,2008,1198000
3,1200,1959,165050
3,2200,1978,580000
3,1680,1959,330000
5,3840,2001,875000
2,950,1926,500000
4,2280,1994,445000
4,1970,1987,274900
3,1620,1967,219950
4,2600,1962,691500
2,1250,1929,459500
4,2130,1914,955500
4,2550,1978,328950
3,1150,1927,307000
3,1040,1967,382500
4,3340,1996,1150000
6,2630,1900,1297000
3,1640,1994,478000
2,770,1948,260000
4,4350,2006,850000
4,1700,1957,616000
3,2050,1984,540000
3,1660,2001,300000
3,1990,1977,507500
5,7050,1978,3800000
3,1770,1986,241000
3,2440,1991,485000
3,2620,1998,695000
4,2440,1994,548000
2,1080,1955,345000
3,1090,1962,280000
3,1400,1963,450000
3,2010,1994,515000
3,1640,1920,1014250
5,3290,2004,739900
2,2510,1990,600000
2,860,1952,370000
4,2840,1977,729032
3,1750,1934,510000
3,1300,1964,425000
3,3890,1967,1080000
3,1460,2006,337000
4,1410,1911,563000
4,3770,1924,1695000
3,1190,1907,245000
3,1410,1947,590000
3,2500,1922,695000
2,800,1946,402500
3,2530,1993,435000
3,2570,1983,660000
3,2090,1987,300000
5,2980,1960,600000
3,1170,1981,205000
3,2080,2004,357500
5,3350,1997,1110000
2,1050,2007,332888
2,900,1979,174000
2,1050,1907,515000
5,3740,1958,392000
4,1430,1900,485000
3,1400,1984,217500
3,1600,1983,502000
3,2880,1989,820000
3,3140,1913,1640000
2,820,1937,102500
5,5190,2001,925000
4,2180,1968,540000
2,910,1900,600000
4,1580,1928,406000
4,2130,1948,620000
4,4570,1990,1060000
3,1240,1984,401000
3,1860,1959,725000
1,370,1923,276000
5,3130,1975,500000
3,2530,1977,375000
4,3970,1928,2300000
3,1920,1961,260000
4,2970,1918,1565000
4,2300,2001,431000
4,1830,2003,321000
4,1550,1963,433000
4,4080,2005,920000
3,1710,1989,482000
3,2375,2002,712000
4,2200,1962,505000
3,3530,1930,2367000
3,1110,1966,452000
4,1630,1921,581000
4,2550,1910,952500
4,2500,1987,808000
4,2890,1945,476000
4,1420,1945,535000
4,4270,1937,1356925
3,2390,2008,629800
4,2530,2014,417838
4,2701,2014,399895
4,3990,2003,825000
4,2303,2006,300000
2,1540,2007,640000
3,1450,2008,460000
2,1160,2012,525000
4,2910,2013,499990
4,3770,2008,1020000
5,2900,1985,675000
3,1540,1920,512031
2,700,1918,310000
3,3280,1970,1075000
4,2430,1960,255000
3,1900,1993,435000
3,1660,1983,453000
4,1620,1975,260000
4,2090,1951,659000
3,1110,1991,223000
5,3760,1984,851000
3,2080,1973,605000
4,1950,1947,895000
5,2570,1950,519000
3,2330,1983,535000
3,3700,1982,489000
3,1920,1965,250000
3,1900,1905,580000
4,1440,1967,1038000
4,2940,1961,605000
4,2500,2008,599950
3,2490,1993,700000
3,1470,1956,480000
4,2120,2002,329950
3,1200,1984,250000
5,2450,2002,345000
4,1780,1991,175000
5,1590,1942,185000
4,2370,1978,411000
3,1760,1922,690000
4,1940,1948,265000
4,3550,1990,720000
4,2050,2002,256000
4,1680,2002,255000
3,1320,1994,540000
3,1550,1987,481015
3,2680,1974,575000
3,2390,1984,339950
4,2040,1963,475000
3,2670,1977,732000
4,1880,1924,860000
4,2400,1927,389000
3,2270,1956,645000
4,1850,1981,475000
4,2160,1987,550000
2,2160,1968,305000
2,1570,1906,782000
3,1340,1923,545000
4,3002,2004,394500
5,2190,1965,600000
4,2610,1966,1300000
2,1010,1947,300000
4,2105,2003,330000
4,2430,1928,723000
4,4040,1954,2271150
5,2160,1998,480000
2,900,1946,496000
3,1820,2006,625000
4,2100,1962,475000
3,1520,1992,275250
2,1310,1980,253000
4,2190,1979,630000
5,2950,1918,660500
5,1870,1962,262000
3,4660,1909,2147500
3,1840,1978,552000
2,3180,1985,1411600
2,1500,1933,736000
3,1730,1954,355000
3,1580,1962,305000
4,1540,2014,484998
4,3390,2014,1054690
2,830,2005,334500
4,2620,2013,475000
3,2242,2014,309780
4,2890,2005,795000
3,1450,2010,274500
2,800,2008,265050
3,2280,2006,567500
3,3850,2013,915000
5,2270,1995,285000
3,2250,2000,445838
4,2600,1969,304900
4,2490,1968,940000
4,3160,1995,1127000
4,4930,2005,835000
3,1440,1967,290000
3,1770,1959,250000
4,2300,2001,342000
4,2980,1989,1012000
4,2230,1963,400000
3,1830,1950,312500
3,1740,1962,267000
3,1530,1955,575000
3,1520,1954,810000
3,3230,1945,850000
3,3620,2005,1015000
4,5070,2000,1100000
3,1570,1960,240000
4,2080,1966,198000
4,2230,1969,565000
5,3420,1952,1195000
8,2790,1977,340000
4,3150,2002,815000
4,3930,2006,1875000
5,2190,1940,588000
4,1890,1997,280500
4,1900,2004,390000
2,1930,1989,509000
3,3316,1986,490600
3,1380,1960,650000
3,2080,1997,715000
3,1240,1909,529950
3,1020,1959,265000
3,2360,1909,1755000
3,2780,1969,1140000
3,2300,1955,610000
4,2020,1943,554729
5,1840,1948,395000
3,1390,1908,341000
4,2060,1962,264500
4,2640,1963,395000
3,1980,1959,640000
3,1810,1958,430000
4,1700,1972,410000
4,1200,1923,220000
4,2980,1999,1625000
2,1350,2006,405500
4,2360,1977,633000
2,1190,1948,295950
4,4110,1978,1042031
4,2800,1970,605000
2,920,1995,255000
3,1530,1978,474000
2,860,1956,370000
3,1520,2004,288000
2,660,1912,100000
5,3580,2000,1150000
5,3000,1975,600000
5,2740,1977,515000
4,2040,1999,345000
6,2520,1954,975000
3,2470,1961,850000
3,1930,2005,439990
3,2950,2006,554950
3,2610,2001,605000
3,1630,2014,609000
3,1400,2007,425000
2,1410,2011,399900
4,4370,2008,1025000
4,5010,2014,2351956
4,2590,2014,519995
3,1300,1960,625000
3,2320,2003,600000
4,2700,2004,1200000
4,2920,1937,1738000
4,3130,1953,671000
3,1470,1984,459500
3,1540,1995,499000
4,3160,1917,1280000
3,1480,1975,395000
5,3595,2014,861990
2,1190,1981,382500
4,2340,1982,404950
3,1320,1918,530000
2,1190,1910,195000
4,2350,1977,747500
3,1100,1961,199990
4,1660,1930,548800
4,3040,1923,870000
3,1860,1908,588000
4,4100,1981,775000
6,4050,1970,670000
2,1240,1985,445000
4,2200,1960,300000
3,1680,1959,480000
3,930,1919,300000
3,1800,1931,360000
6,3000,1979,527000
3,1820,1952,875000
4,1995,1981,266000
4,3990,2004,866000
2,800,1951,335950
3,960,1967,215000
4,2286,2002,481000
3,2220,1950,320000
3,1940,1918,295000
3,1640,1908,295000
3,1120,1969,320000
4,2600,1953,780000
3,1490,1948,437500
5,1650,1902,443000
4,2400,1990,575000
2,1500,1926,245000
3,1990,1993,450000
2,1130,2009,536000
3,2030,1980,685000
4,1590,1960,373000
3,1480,1971,450000
4,2690,1985,645000
3,3870,1997,1275000
3,1390,1954,230000
3,1830,2011,593000
2,1580,1910,558000
3,2590,1984,538250
5,2510,1977,475000
3,1180,1968,209950
3,1450,1989,410000
3,3110,1946,1636000
5,2860,1958,670000
3,2760,1967,821000
5,2800,1963,665000
3,1450,2004,339000
4,2530,1910,631500
3,1640,1924,570000
3,2220,1967,437000
3,2040,1987,542500
3,1230,1967,229500
2,1060,1981,170500
3,1920,1993,391500
3,1520,2004,296475
4,3770,1925,1450000
3,3540,1989,888550
4,5430,1987,1360000
3,2250,1998,328000
4,2090,2007,300000
3,1720,2011,500000
3,1910,2014,494815
3,1601,2007,378000
2,1060,2006,505000
4,2330,2005,680000
3,2370,2014,351999
3,1420,2014,510000
4,2360,2013,1300000
2,1260,2001,374000
3,3030,2009,509900
3,1140,2014,230000
5,2820,1968,527700
2,1270,2000,438000
3,3180,1978,900000
3,2790,2006,1131000
4,2570,1980,439000
2,1080,1919,315000
4,3010,2004,765000
3,2120,1979,332000
3,1900,1969,600000
3,2860,1990,378500
3,910,1968,190000
4,2850,1987,645000
2,2560,1901,780000
3,1570,1982,370000
4,3110,1979,875000
4,4740,1991,1049000
3,1340,1955,479000
4,2600,1978,245000
3,1070,1966,542000
3,1820,1984,557500
2,1060,1924,480000
3,2220,1993,330000
3,1350,1942,160000
5,2510,1975,695500
5,2340,1967,235500
3,1060,1968,326500
4,2200,1998,300000
3,1400,1944,267000
3,1520,1959,292600
5,1810,1998,362000
2,2360,1997,1087500
2,1210,2014,357562
3,3420,1987,789900
3,1810,1992,513000
3,2760,1969,336000
4,1950,1968,560000
3,3830,1991,1150000
4,2060,1963,410000
3,1650,1954,371500
4,2100,1964,368000
4,3720,2003,650000
4,1920,1994,308950
3,1860,1998,440000
2,2290,2005,630000
3,1200,1968,228950
4,5270,2004,782000
3,1600,1992,245000
4,2560,2006,410000
2,880,1940,427550
2,1020,1939,235000
3,960,1949,210000
4,1900,1977,485000
3,1320,1920,410000
4,2230,1998,435000
3,1150,1960,300000
4,3440,2002,455000
3,1070,1949,210000
4,2250,1927,1050000
4,1910,1921,458400
3,1180,1967,390000
3,1400,1968,148226
4,3580,1991,711600
3,3176,1985,819000
2,1170,1927,613000
2,1570,2006,592350
3,1460,1966,232000
3,1140,1983,250000
1,1150,1962,115000
4,3180,1978,1115000
4,2630,1999,585000
3,1940,1987,580000
1,850,1906,165000
3,1550,1942,430000
3,2090,1961,383000
4,3960,2006,1195000
3,1320,1912,201500
4,3220,1991,690000
2,800,1953,325000
3,1660,1976,375000
4,2250,1991,600000
3,2120,1997,340000
4,2310,1979,890000
4,1920,1970,415000
3,1550,1976,255000
2,1785,1975,530000
3,1830,1962,468000
5,3500,1927,970000
3,2560,1987,599000
4,1360,1928,399500
4,6500,2001,2458000
4,3150,2014,1205000
2,810,1941,325000
5,7320,1992,1135250
4,2790,1956,568000
2,1920,1912,517000
4,2530,1997,469950
3,3490,1939,1675000
6,4710,1931,2180000
3,2050,1973,623000
4,2410,1965,720000
3,1180,1967,205000
2,630,1930,148000
3,3480,1941,950000
3,1010,1953,405000
3,1910,2009,293000
3,2490,2005,550000
4,2150,2010,435000
4,3000,2005,355000
3,2830,2012,673000
4,2680,2013,449990
2,1090,1982,249000
4,1984,1962,380000
4,3090,2010,760005
4,2610,2006,674600
4,3370,2007,812000
4,2250,2014,333490
3,1450,2013,320000
4,3130,2013,999000
2,2700,2007,810000
5,1970,1986,399950
3,1970,1929,550000
3,1950,1959,290000
3,1940,1969,232500
4,3550,1999,1355000
3,2500,1990,565000
4,2910,1957,749950
4,3350,1985,720500
3,2140,1950,507000
5,4030,2000,989000
4,1980,1974,463000
3,1460,1952,310000
4,1880,1960,284000
3,2320,1935,737500
3,2220,1929,569000
3,1410,1901,700000
3,1240,1927,660000
4,2030,1944,275000
6,4000,2004,570000
3,490,1959,150000
3,1590,2000,356000
3,2630,2001,610000
2,1350,2008,498800
3,990,1943,226550
4,3710,1999,692500
3,990,1960,250000
4,2510,2002,660000
2,800,1953,295000
4,1600,1966,154950
5,3320,1999,409124
5,1730,1962,287000
4,2000,1958,810000
4,2910,1985,525000
4,1710,1955,525000
3,1200,1954,275000
3,2600,1998,583000
2,1460,1987,237950
4,4260,2008,1065000
4,2100,1928,679000
6,4230,1916,1465000
3,1660,1980,410000
3,1450,1969,306000
4,1860,1920,215000
4,2720,1989,594950
4,2920,1957,1250000
3,1800,1966,305000
2,1320,1939,425000
3,1770,1959,215000
5,2550,1967,480000
4,2150,1966,550000
4,3020,2004,750000
3,960,1970,137124
3,2783,1910,840000
3,2250,1964,624800
3,1710,1986,630000
3,2650,1975,590000
3,1830,2014,599950
3,1460,2000,299880
3,1760,1967,400000
3,1960,2002,560000
4,2010,1979,229000
4,3670,2005,525000
2,2290,2007,737000
3,1780,1925,680000
4,3080,1997,635000
4,3360,1997,740000
3,1370,1930,335500
4,1660,1978,270000
4,4440,2003,1037000
5,2850,1925,450000
3,1530,1986,379000
4,2100,1976,468000
1,730,2008,321500
3,1920,1989,443000
3,1600,1958,340000
4,2380,1979,470000
3,2760,2002,545000
4,1840,1950,415000
7,2580,1901,599000
4,2100,1975,759000
4,1820,1926,300000
5,4830,1952,1681000
3,1550,1978,359000
4,1440,1924,550000
2,930,1940,395000
4,3560,1988,486000
2,840,1952,187000
4,4280,2002,734950
3,1500,1957,284000
4,3650,1996,696000
2,780,1918,380000
4,1600,1946,625000
4,1120,1966,252000
2,1010,1960,560000
4,1970,1961,395000
4,2230,1935,900000
5,4290,1985,2680000
3,3160,1978,625000
3,1850,1909,580000
3,1980,1963,309000
4,3360,1990,412000
3,2660,1964,495000
3,1200,1967,215000
2,2150,2010,741500
3,2820,2008,749000
4,3510,2014,659950
3,1790,2010,530000
4,2700,1910,749000
5,5780,2006,2321000
4,3730,2013,595000
4,2540,2005,487000
4,3300,2014,760000
5,5430,2007,1240000
4,2550,2009,435000
3,1390,2007,374950
3,1270,2007,440000
4,2380,2005,360000
4,3360,1994,879000
5,6070,1999,1550000
2,1240,1962,505000
2,2930,1980,545000
2,2410,1912,600000
6,2980,1916,775000
2,1950,1919,725000
4,2600,1976,610000
4,1170,1959,350000
3,1470,1953,410000
4,1840,1942,639000
4,1560,1968,439000
4,1520,1967,499950
3,2220,1914,800000
4,2800,1993,350000
2,670,1942,279000
3,1720,1983,290256
3,2110,1989,355000
3,1580,1993,263000
6,2640,1922,880000
4,2700,1998,426500
3,2820,2004,735000
4,3340,1999,720000
3,1530,1991,265000
4,3840,1998,840000
3,2320,1956,657500
5,2310,1966,850000
3,1770,2007,436110
2,3160,1993,589900
3,1620,1954,620000
4,1510,1955,254000
3,960,1962,375000
4,1740,1958,455000
4,1470,1965,445000
4,2460,1998,568500
3,1170,1962,352500
2,1210,1982,342500
3,1870,1990,299950
3,1950,2009,425000
4,2570,1990,561000
3,1460,1975,455500
3,2970,1967,400000
4,2040,1994,443500
5,3240,1939,1234582
4,3150,1965,370000
3,1820,1981,475000
4,2130,1980,580000
3,1430,1956,518000
3,2030,1991,525000
4,2000,1997,236000
4,1940,1990,278500
2,880,1945,205425
3,950,1954,248000
3,1670,2002,505000
3,2670,1989,657500
3,2700,2003,670000
1,590,1926,202000
4,2160,1966,440000
4,2700,2004,690000
6,3206,2012,375000
3,1560,1964,291000
3,1400,1957,230000
4,3090,2013,850000
4,2630,1953,84350
3,2190,1956,12899000
4,2100,1959,2110000
4,1120,1969,2199900
4,3260,1968,188000
3,1180,1992,26590000
2,780,1942,7800
4,2200,1987,237227.8571
3,1340,1953,117833.3333
3,1490,1962,0
4,2800,1963,744312.5
4,2600,1960,0
6,3200,1953,0
5,3480,1983,0
3,3020,1954,439333.3333
3,1970,1967,280000
5,1500,1920,0
4,3680,1990,0
3,1570,1952,176225
3,2280,2006,500324
3,1600,2013,444845
3,1680,2014,330000
3,1890,1966,292285.7143
2,520,1951,160000
3,1780,1988,274333.3333
4,2920,1964,537500
3,2430,1974,232333.3333
3,3010,2011,237333.3333
3,1620,1911,346750
2,2200,2007,0
3,2950,2006,1020000
4,2170,1960,0
3,1770,1959,254000
3,1830,1942,238750
4,2380,1997,268971.875
4,2550,1964,642000
3,3720,1982,571986.1111
5,4630,2006,0
5,4430,2013,0
3,1490,2004,554250
4,5030,2008,0
4,2180,1954,0
4,1590,1966,107500
3,1510,1973,300000
4,4210,2006,0
3,1640,1977,540833.3333
4,1840,2004,274750
3,1040,1959,148612.5
3,1250,1951,326428.5714
5,3690,1977,0
4,1530,1948,135333.3333
4,2110,2000,577437.5
3,2150,1956,440825
5,5340,1912,195000
4,2420,1979,257500
4,5010,1988,692000
2,910,1981,176400
3,2200,1932,193000
4,3430,2013,646212.5
4,1860,1983,268971.875
4,3300,1926,0
3,1280,1969,317061.875
3,1490,1990,83300
5,2880,1990,0
4,1310,1945,266066.6667
4,1980,1988,342246.4286
5,2000,1986,0
3,1860,1954,0
4,1990,1990,0
4,1720,1973,240015.3333
3,1370,1964,83300
4,4060,1989,316850
4,1960,2001,259585.5714
4,1720,1961,328211.9048
4,2740,1990,673476.8182
4,1360,1955,0
3,1870,2003,425000
2,720,1942,127160
3,2180,1986,341750
3,1430,1953,178650
2,780,1948,87500
3,1180,1946,282508.8889
3,1300,1993,450385.7143
4,4260,2000,435000
2,2050,1950,532500
3,2930,1993,408900
2,1500,1928,156766.6667
5,5960,1984,452500
2,810,1919,308830.7692
4,2320,2012,484991.6667
2,1090,1942,287919.7826
2,1000,1942,247875
3,2260,1994,309487.5
4,1290,1957,173666.6667
3,2120,1991,237481.25
3,1490,2009,326983.3333
4,2310,2013,790000
1,720,1940,0
3,1840,1926,678333.3333
5,2910,1977,542804.75
4,3270,2014,723243.75
5,3040,1993,667781.25
3,1200,1969,108333.3333
5,2740,1925,0
4,2290,1958,535000
4,2580,1950,596165.4286
3,1590,1926,269187.5
3,1040,1942,148612.5
3,1300,1952,0
5,2090,1998,0
5,2670,2014,341166.6667
4,1540,1923,132500
4,3370,1991,557125
3,1730,1972,228944.4444
3,1640,1992,592105.7143
4,2980,1935,535000
3,1330,1969,420642.8571
4,2192,2006,132250
4,2068,1976,237227.8571
3,1980,1910,440825
3,1710,2003,2560498.333
2,890,1923,423050.9259
4,4280,2005,1337044.2
3,3080,1990,315368.7
4,2070,1977,417985.7143
4,3010,2014,723243.75
4,2030,1976,259950
4,4060,2002,0
3,2340,1972,237333.3333
3,2340,1995,426090
2,1470,1941,458663.8889
4,3700,1988,812650
4,1200,1944,135333.3333
5,2910,1979,0
5,1910,1951,0
3,2880,1950,0
5,3240,2013,0
3,1590,1938,387884.6154
5,3690,2006,437500
3,2480,2000,641633.3333
4,2683,1987,681965.7813
2,1100,1947,229629.5
4,2080,1926,0
3,2210,1966,210614.2857
4,2420,1911,790000
3,1240,2008,435500
3,2300,1930,738190.8571
3,1760,1967,497333.3333
3,2020,1957,300000
4,2500,1926,1036200
2,760,1947,163785.7143
4,1580,1947,351250
3,2670,2003,645325
3,1140,1943,171224.8
5,3870,1998,0
3,2750,1978,540000
3,1570,1971,233166.6667
3,1160,1976,329333.3333
3,2110,1973,225279.4286
3,1270,2004,331366.6667
4,3250,2009,460886.9231
2,940,1910,337945.75
4,2310,1968,0
3,1130,1958,243069.2308
6,3020,1952,0
4,3210,1995,690408.6207
3,2650,1994,592105.7143
3,1150,1983,220083.3333
3,3910,1985,280000
4,3490,2003,297857.1429
5,3330,1977,950833.3333
4,1940,1947,323833.3333
3,1800,2011,309000
3,1880,1985,248400
4,2870,1905,994500
4,1960,1931,0
4,1810,1959,0
2,1490,1926,0
3,5230,2005,0
5,3390,1978,288500
2,880,1950,379509.1667
2,2550,1958,180785.7143
4,3160,1965,950100
4,4550,2002,0
5,3831,1959,542500
2,1240,1906,362750
4,2520,1999,234975
4,2420,1973,672500
4,1250,1959,391400
3,1310,1957,0
3,1410,1951,198995
3,990,1968,278900
3,1000,1991,171758.3333
3,2000,1968,325187.5
2,1120,1944,190368.75
5,3370,2001,375000
3,2210,2008,216000
5,2640,2001,0
3,1150,2007,360500
4,2150,1997,677099.5652
4,4230,1985,405125
3,1570,1956,289987.5
3,1630,1978,264270
4,2770,1989,602761
3,1750,1956,251555.5556
3,1090,1967,214750
2,930,1924,258125
4,2100,1965,0
4,2540,1987,677099.5652
2,810,1959,0
2,1520,1951,0
1,690,1928,167500
4,2370,1916,471500
4,3500,1951,0
2,840,1924,464600
4,1830,1991,132250
3,1370,2005,433111.1111
5,2520,1960,542500
2,2130,1941,0
4,2590,1991,368112.5
4,1820,1987,673476.8182
3,1530,1928,558653.8462
4,4080,1983,0
2,1050,1964,168333.3333
4,1954,2005,268971.875
2,1530,1916,318000
4,1660,1922,550607.1429
6,3830,1919,1288333.333
3,1490,2008,584000
3,1520,1956,0
5,8020,2001,0
3,2470,1977,245000
2,870,1942,287919.7826
4,2110,1972,672500
2,1990,1952,454790
3,1560,1948,282508.8889
3,1740,1920,473200
2,1290,1906,406062.5
4,1700,1955,282766.6667
3,1880,1984,486445.8333
3,1890,1901,486895
3,1620,2009,430277.7778
2,770,1948,229629.5
4,2890,1984,0
3,1040,1958,182805
4,2620,1991,380680.5556
3,1880,1945,396166.6667
4,2530,1993,252980
3,2538,2013,289373.3077
3,1610,1994,210614.2857
3,1510,1954,308166.6667
3,1460,1983,534333.3333
3,3010,2009,416904.1667
4,2090,1974,203400
3,1490,1990,220600
